品牌,型号,系列,尺寸（inch）,材质（介质）,容值,容值单位,容值误差,耐压（V）,特殊用途,备注1,备注2,备注3,器件类型,安装方式,封装代码,尺寸（mm）,规格摘要,生产状态,长度（mm）,宽度（mm）,高度（mm）,官网链接,数据来源,数据状态,校验时间,校验备注,直径（mm）,脚距（mm）,极性,ESR,纹波电流,寿命（h）,工作温度,阻值@25C,阻值单位,阻值误差,B值,B值条件,共模阻抗,阻抗单位,额定电流,DCR,回路数,电感值,电感单位,电感误差,饱和电流,屏蔽类型,阻抗@100MHz,系列说明,_model_rule_authority,_resistance_ohm,输出频率,频率单位,频差（ppm）,电源电压,输出类型,占空比,频率,负载电容（pF）,驱动电平,_body_size
Chilisin,SSRH7HS-M,Common Mode Chokes - Power,,Ferrite,,,,,Common Mode Chokes - Power,Chilisin official tree,partCount=1764,EMC -> Common Mode Chokes - Power,共模电感,SMT,,,共模电感 | Common Mode Chokes - Power | codes=66 | parts=1764,Production,,,,https://www.chilisin.com/en-global/Inductor/index/power?pro_type=2,Chilisin official Next.js tree,官方网页抽取,2026-04-19 19:25,breadcrumb=EMC -> Common Mode Chokes - Power | partCount=1764,,,,,,,,,,,,,,,,,,,,,,,,Chilisin official tree: EMC -> Common Mode Chokes - Power,chilisin_inductor_tree,,,,,,,,,,,
Chilisin,SSRH24NVS/NHS,Common Mode Chokes - Power,,Ferrite,,,,,Common Mode Chokes - Power,Chilisin official tree,partCount=1764,EMC -> Common Mode Chokes - Power,共模电感,SMT,,,共模电感 | Common Mode Chokes - Power | codes=66 | parts=1764,Production,,,,https://www.chilisin.com/en-global/Inductor/index/power?pro_type=2,Chilisin official Next.js tree,官方网页抽取,2026-04-19 19:25,breadcrumb=EMC -> Common Mode Chokes - Power | partCount=1764,,,,,,,,,,,,,,,,,,,,,,,,Chilisin official tree: EMC -> Common Mode Chokes - Power,chilisin_inductor_tree,,,,,,,,,,,
Chilisin,SC,Common Mode Chokes - Power,,Ferrite,,,,,Common Mode Chokes - Power,Chilisin official tree,partCount=1764,EMC -> Common Mode Chokes - Power,共模电感,SMT,,,共模电感 | Common Mode Chokes - Power | codes=66 | parts=1764,Production,,,,https://www.chilisin.com/en-global/Inductor/index/power?pro_type=2,Chilisin official Next.js tree,官方网页抽取,2026-04-19 19:25,breadcrumb=EMC -> Common Mode Chokes - Power | partCount=1764,,,,,,,,,,,,,,,,,,,,,,,,Chilisin official tree: EMC -> Common Mode Chokes - Power,chilisin_inductor_tree,,,,,,,,,,,
Chilisin,SU-9HF,Common Mode Chokes - Power,,Ferrite,,,,,Common Mode Chokes - Power,Chilisin official tree,partCount=1764,EMC -> Common Mode Chokes - Power,共模电感,SMT,,,共模电感 | Common Mode Chokes - Power | codes=66 | parts=1764,Production,,,,https://www.chilisin.com/en-global/Inductor/index/power?pro_type=2,Chilisin official Next.js tree,官方网页抽取,2026-04-19 19:25,breadcrumb=EMC -> Common Mode Chokes - Power | partCount=1764,,,,,,,,,,,,,,,,,,,,,,,,Chilisin official tree: EMC -> Common Mode Chokes - Power,chilisin_inductor_tree,,,,,,,,,,,
Chilisin,SCR22,Common Mode Chokes - Power,,Ferrite,,,,,Common Mode Chokes - Power,Chilisin official tree,partCount=1764,EMC -> Common Mode Chokes - Power,共模电感,SMT,,,共模电感 | Common Mode Chokes - Power | codes=66 | parts=1764,Production,,,,https://www.chilisin.com/en-global/Inductor/index/power?pro_type=2,Chilisin official Next.js tree,官方网页抽取,2026-04-19 19:25,breadcrumb=EMC -> Common Mode Chokes - Power | partCount=1764,,,,,,,,,,,,,,,,,,,,,,,,Chilisin official tree: EMC -> Common Mode Chokes - Power,chilisin_inductor_tree,,,,,,,,,,,
Chilisin,SCR25,Common Mode Chokes - Power,,Ferrite,,,,,Common Mode Chokes - Power,Chilisin official tree,partCount=1764,EMC -> Common Mode Chokes - Power,共模电感,SMT,,,共模电感 | Common Mode Chokes - Power | codes=66 | parts=1764,Production,,,,https://www.chilisin.com/en-global/Inductor/index/power?pro_type=2,Chilisin official Next.js tree,官方网页抽取,2026-04-19 19:25,breadcrumb=EMC -> Common Mode Chokes - Power | partCount=1764,,,,,,,,,,,,,,,,,,,,,,,,Chilisin official tree: EMC -> Common Mode Chokes - Power,chilisin_inductor_tree,,,,,,,,,,,
Chilisin,SSR21NVS-M/NHS-M,Common Mode Chokes - Power,,Ferrite,,,,,Common Mode Chokes - Power,Chilisin official tree,partCount=1764,EMC -> Common Mode Chokes - Power,共模电感,SMT,,,共模电感 | Common Mode Chokes - Power | codes=66 | parts=1764,Production,,,,https://www.chilisin.com/en-global/Inductor/index/power?pro_type=2,Chilisin official Next.js tree,官方网页抽取,2026-04-19 19:25,breadcrumb=EMC -> Common Mode Chokes - Power | partCount=1764,,,,,,,,,,,,,,,,,,,,,,,,Chilisin official tree: EMC -> Common Mode Chokes - Power,chilisin_inductor_tree,,,,,,,,,,,
Chilisin,SCF Three Phase,Common Mode Chokes - Power,,Ferrite,,,,,Common Mode Chokes - Power,Chilisin official tree,partCount=1764,EMC -> Common Mode Chokes - Power,共模电感,SMT,,,共模电感 | Common Mode Chokes - Power | codes=66 | parts=1764,Production,,,,https://www.chilisin.com/en-global/Inductor/index/power?pro_type=2,Chilisin official Next.js tree,官方网页抽取,2026-04-19 19:25,breadcrumb=EMC -> Common Mode Chokes - Power | partCount=1764,,,,,,,,,,,,,,,,,,,,,,,,Chilisin official tree: EMC -> Common Mode Chokes - Power,chilisin_inductor_tree,,,,,,,,,,,
Chilisin,SC39XV-Z,Common Mode Chokes - Power,,Ferrite,,,,,Common Mode Chokes - Power,Chilisin official tree,partCount=1764,EMC -> Common Mode Chokes - Power,共模电感,SMT,,,共模电感 | Common Mode Chokes - Power | codes=66 | parts=1764,Production,,,,https://www.chilisin.com/en-global/Inductor/index/power?pro_type=2,Chilisin official Next.js tree,官方网页抽取,2026-04-19 19:25,breadcrumb=EMC -> Common Mode Chokes - Power | partCount=1764,,,,,,,,,,,,,,,,,,,,,,,,Chilisin official tree: EMC -> Common Mode Chokes - Power,chilisin_inductor_tree,,,,,,,,,,,
Chilisin,SC17X,Common Mode Chokes - Power,,Ferrite,,,,,Common Mode Chokes - Power,Chilisin official tree,partCount=1764,EMC -> Common Mode Chokes - Power,共模电感,SMT,,,共模电感 | Common Mode Chokes - Power | codes=66 | parts=1764,Production,,,,https://www.chilisin.com/en-global/Inductor/index/power?pro_type=2,Chilisin official Next.js tree,官方网页抽取,2026-04-19 19:25,breadcrumb=EMC -> Common Mode Chokes - Power | partCount=1764,,,,,,,,,,,,,,,,,,,,,,,,Chilisin official tree: EMC -> Common Mode Chokes - Power,chilisin_inductor_tree,,,,,,,,,,,
Chilisin,SC29XV,Common Mode Chokes - Power,,Ferrite,,,,,Common Mode Chokes - Power,Chilisin official tree,partCount=1764,EMC -> Common Mode Chokes - Power,共模电感,SMT,,,共模电感 | Common Mode Chokes - Power | codes=66 | parts=1764,Production,,,,https://www.chilisin.com/en-global/Inductor/index/power?pro_type=2,Chilisin official Next.js tree,官方网页抽取,2026-04-19 19:25,breadcrumb=EMC -> Common Mode Chokes - Power | partCount=1764,,,,,,,,,,,,,,,,,,,,,,,,Chilisin official tree: EMC -> Common Mode Chokes - Power,chilisin_inductor_tree,,,,,,,,,,,
Chilisin,SC56X 3PHASE,Common Mode Chokes - Power,,Ferrite,,,,,Common Mode Chokes - Power,Chilisin official tree,partCount=1764,EMC -> Common Mode Chokes - Power,共模电感,SMT,,,共模电感 | Common Mode Chokes - Power | codes=66 | parts=1764,Production,,,,https://www.chilisin.com/en-global/Inductor/index/power?pro_type=2,Chilisin official Next.js tree,官方网页抽取,2026-04-19 19:25,breadcrumb=EMC -> Common Mode Chokes - Power | partCount=1764,,,,,,,,,,,,,,,,,,,,,,,,Chilisin official tree: EMC -> Common Mode Chokes - Power,chilisin_inductor_tree,,,,,,,,,,,
Chilisin,SSRH7H-M,Common Mode Chokes - Power,,Ferrite,,,,,Common Mode Chokes - Power,Chilisin official tree,partCount=1764,EMC -> Common Mode Chokes - Power,共模电感,SMT,,,共模电感 | Common Mode Chokes - Power | codes=66 | parts=1764,Production,,,,https://www.chilisin.com/en-global/Inductor/index/power?pro_type=2,Chilisin official Next.js tree,官方网页抽取,2026-04-19 19:25,breadcrumb=EMC -> Common Mode Chokes - Power | partCount=1764,,,,,,,,,,,,,,,,,,,,,,,,Chilisin official tree: EMC -> Common Mode Chokes - Power,chilisin_inductor_tree,,,,,,,,,,,
Chilisin,SCF-J/JH,Common Mode Chokes - Power,,Ferrite,,,,,Common Mode Chokes - Power,Chilisin official tree,partCount=1764,EMC -> Common Mode Chokes - Power,共模电感,SMT,,,共模电感 | Common Mode Chokes - Power | codes=66 | parts=1764,Production,,,,https://www.chilisin.com/en-global/Inductor/index/power?pro_type=2,Chilisin official Next.js tree,官方网页抽取,2026-04-19 19:25,breadcrumb=EMC -> Common Mode Chokes - Power | partCount=1764,,,,,,,,,,,,,,,,,,,,,,,,Chilisin official tree: EMC -> Common Mode Chokes - Power,chilisin_inductor_tree,,,,,,,,,,,
Chilisin,SSB11H,Common Mode Chokes - Power,,Ferrite,,,,,Common Mode Chokes - Power,Chilisin official tree,partCount=1764,EMC -> Common Mode Chokes - Power,共模电感,SMT,,,共模电感 | Common Mode Chokes - Power | codes=66 | parts=1764,Production,,,,https://www.chilisin.com/en-global/Inductor/index/power?pro_type=2,Chilisin official Next.js tree,官方网页抽取,2026-04-19 19:25,breadcrumb=EMC -> Common Mode Chokes - Power | partCount=1764,,,,,,,,,,,,,,,,,,,,,,,,Chilisin official tree: EMC -> Common Mode Chokes - Power,chilisin_inductor_tree,,,,,,,,,,,
Chilisin,SC-D,Common Mode Chokes - Power,,Ferrite,,,,,Common Mode Chokes - Power,Chilisin official tree,partCount=1764,EMC -> Common Mode Chokes - Power,共模电感,SMT,,,共模电感 | Common Mode Chokes - Power | codes=66 | parts=1764,Production,,,,https://www.chilisin.com/en-global/Inductor/index/power?pro_type=2,Chilisin official Next.js tree,官方网页抽取,2026-04-19 19:25,breadcrumb=EMC -> Common Mode Chokes - Power | partCount=1764,,,,,,,,,,,,,,,,,,,,,,,,Chilisin official tree: EMC -> Common Mode Chokes - Power,chilisin_inductor_tree,,,,,,,,,,,
Chilisin,SC-J,Common Mode Chokes - Power,,Ferrite,,,,,Common Mode Chokes - Power,Chilisin official tree,partCount=1764,EMC -> Common Mode Chokes - Power,共模电感,SMT,,,共模电感 | Common Mode Chokes - Power | codes=66 | parts=1764,Production,,,,https://www.chilisin.com/en-global/Inductor/index/power?pro_type=2,Chilisin official Next.js tree,官方网页抽取,2026-04-19 19:25,breadcrumb=EMC -> Common Mode Chokes - Power | partCount=1764,,,,,,,,,,,,,,,,,,,,,,,,Chilisin official tree: EMC -> Common Mode Chokes - Power,chilisin_inductor_tree,,,,,,,,,,,
Chilisin,SCF-X 3PHASE,Common Mode Chokes - Power,,Ferrite,,,,,Common Mode Chokes - Power,Chilisin official tree,partCount=1764,EMC -> Common Mode Chokes - Power,共模电感,SMT,,,共模电感 | Common Mode Chokes - Power | codes=66 | parts=1764,Production,,,,https://www.chilisin.com/en-global/Inductor/index/power?pro_type=2,Chilisin official Next.js tree,官方网页抽取,2026-04-19 19:25,breadcrumb=EMC -> Common Mode Chokes - Power | partCount=1764,,,,,,,,,,,,,,,,,,,,,,,,Chilisin official tree: EMC -> Common Mode Chokes - Power,chilisin_inductor_tree,,,,,,,,,,,
Chilisin,SS11VL,Common Mode Chokes - Power,,Ferrite,,,,,Common Mode Chokes - Power,Chilisin official tree,partCount=1764,EMC -> Common Mode Chokes - Power,共模电感,SMT,,,共模电感 | Common Mode Chokes - Power | codes=66 | parts=1764,Production,,,,https://www.chilisin.com/en-global/Inductor/index/power?pro_type=2,Chilisin official Next.js tree,官方网页抽取,2026-04-19 19:25,breadcrumb=EMC -> Common Mode Chokes - Power | partCount=1764,,,,,,,,,,,,,,,,,,,,,,,,Chilisin official tree: EMC -> Common Mode Chokes - Power,chilisin_inductor_tree,,,,,,,,,,,
Chilisin,SCR Three Phase,Common Mode Chokes - Power,,Ferrite,,,,,Common Mode Chokes - Power,Chilisin official tree,partCount=1764,EMC -> Common Mode Chokes - Power,共模电感,SMT,,,共模电感 | Common Mode Chokes - Power | codes=66 | parts=1764,Production,,,,https://www.chilisin.com/en-global/Inductor/index/power?pro_type=2,Chilisin official Next.js tree,官方网页抽取,2026-04-19 19:25,breadcrumb=EMC -> Common Mode Chokes - Power | partCount=1764,,,,,,,,,,,,,,,,,,,,,,,,Chilisin official tree: EMC -> Common Mode Chokes - Power,chilisin_inductor_tree,,,,,,,,,,,
Chilisin,SC76X 3PHASE,Common Mode Chokes - Power,,Ferrite,,,,,Common Mode Chokes - Power,Chilisin official tree,partCount=1764,EMC -> Common Mode Chokes - Power,共模电感,SMT,,,共模电感 | Common Mode Chokes - Power | codes=66 | parts=1764,Production,,,,https://www.chilisin.com/en-global/Inductor/index/power?pro_type=2,Chilisin official Next.js tree,官方网页抽取,2026-04-19 19:25,breadcrumb=EMC -> Common Mode Chokes - Power | partCount=1764,,,,,,,,,,,,,,,,,,,,,,,,Chilisin official tree: EMC -> Common Mode Chokes - Power,chilisin_inductor_tree,,,,,,,,,,,
Chilisin,SU-9H,Common Mode Chokes - Power,,Ferrite,,,,,Common Mode Chokes - Power,Chilisin official tree,partCount=1764,EMC -> Common Mode Chokes - Power,共模电感,SMT,,,共模电感 | Common Mode Chokes - Power | codes=66 | parts=1764,Production,,,,https://www.chilisin.com/en-global/Inductor/index/power?pro_type=2,Chilisin official Next.js tree,官方网页抽取,2026-04-19 19:25,breadcrumb=EMC -> Common Mode Chokes - Power | partCount=1764,,,,,,,,,,,,,,,,,,,,,,,,Chilisin official tree: EMC -> Common Mode Chokes - Power,chilisin_inductor_tree,,,,,,,,,,,
Chilisin,SC23X,Common Mode Chokes - Power,,Ferrite,,,,,Common Mode Chokes - Power,Chilisin official tree,partCount=1764,EMC -> Common Mode Chokes - Power,共模电感,SMT,,,共模电感 | Common Mode Chokes - Power | codes=66 | parts=1764,Production,,,,https://www.chilisin.com/en-global/Inductor/index/power?pro_type=2,Chilisin official Next.js tree,官方网页抽取,2026-04-19 19:25,breadcrumb=EMC -> Common Mode Chokes - Power | partCount=1764,,,,,,,,,,,,,,,,,,,,,,,,Chilisin official tree: EMC -> Common Mode Chokes - Power,chilisin_inductor_tree,,,,,,,,,,,
Chilisin,SCR47,Common Mode Chokes - Power,,Ferrite,,,,,Common Mode Chokes - Power,Chilisin official tree,partCount=1764,EMC -> Common Mode Chokes - Power,共模电感,SMT,,,共模电感 | Common Mode Chokes - Power | codes=66 | parts=1764,Production,,,,https://www.chilisin.com/en-global/Inductor/index/power?pro_type=2,Chilisin official Next.js tree,官方网页抽取,2026-04-19 19:25,breadcrumb=EMC -> Common Mode Chokes - Power | partCount=1764,,,,,,,,,,,,,,,,,,,,,,,,Chilisin official tree: EMC -> Common Mode Chokes - Power,chilisin_inductor_tree,,,,,,,,,,,
Chilisin,SC12X,Common Mode Chokes - Power,,Ferrite,,,,,Common Mode Chokes - Power,Chilisin official tree,partCount=1764,EMC -> Common Mode Chokes - Power,共模电感,SMT,,,共模电感 | Common Mode Chokes - Power | codes=66 | parts=1764,Production,,,,https://www.chilisin.com/en-global/Inductor/index/power?pro_type=2,Chilisin official Next.js tree,官方网页抽取,2026-04-19 19:25,breadcrumb=EMC -> Common Mode Chokes - Power | partCount=1764,,,,,,,,,,,,,,,,,,,,,,,,Chilisin official tree: EMC -> Common Mode Chokes - Power,chilisin_inductor_tree,,,,,,,,,,,
Chilisin,SC39XV-Y,Common Mode Chokes - Power,,Ferrite,,,,,Common Mode Chokes - Power,Chilisin official tree,partCount=1764,EMC -> Common Mode Chokes - Power,共模电感,SMT,,,共模电感 | Common Mode Chokes - Power | codes=66 | parts=1764,Production,,,,https://www.chilisin.com/en-global/Inductor/index/power?pro_type=2,Chilisin official Next.js tree,官方网页抽取,2026-04-19 19:25,breadcrumb=EMC -> Common Mode Chokes - Power | partCount=1764,,,,,,,,,,,,,,,,,,,,,,,,Chilisin official tree: EMC -> Common Mode Chokes - Power,chilisin_inductor_tree,,,,,,,,,,,
Chilisin,SC-D-J/JH,Common Mode Chokes - Power,,Ferrite,,,,,Common Mode Chokes - Power,Chilisin official tree,partCount=1764,EMC -> Common Mode Chokes - Power,共模电感,SMT,,,共模电感 | Common Mode Chokes - Power | codes=66 | parts=1764,Production,,,,https://www.chilisin.com/en-global/Inductor/index/power?pro_type=2,Chilisin official Next.js tree,官方网页抽取,2026-04-19 19:25,breadcrumb=EMC -> Common Mode Chokes - Power | partCount=1764,,,,,,,,,,,,,,,,,,,,,,,,Chilisin official tree: EMC -> Common Mode Chokes - Power,chilisin_inductor_tree,,,,,,,,,,,
Chilisin,SS30V,Common Mode Chokes - Power,,Ferrite,,,,,Common Mode Chokes - Power,Chilisin official tree,partCount=1764,EMC -> Common Mode Chokes - Power,共模电感,SMT,,,共模电感 | Common Mode Chokes - Power | codes=66 | parts=1764,Production,,,,https://www.chilisin.com/en-global/Inductor/index/power?pro_type=2,Chilisin official Next.js tree,官方网页抽取,2026-04-19 19:25,breadcrumb=EMC -> Common Mode Chokes - Power | partCount=1764,,,,,,,,,,,,,,,,,,,,,,,,Chilisin official tree: EMC -> Common Mode Chokes - Power,chilisin_inductor_tree,,,,,,,,,,,
Chilisin,SCR,Common Mode Chokes - Power,,Ferrite,,,,,Common Mode Chokes - Power,Chilisin official tree,partCount=1764,EMC -> Common Mode Chokes - Power,共模电感,SMT,,,共模电感 | Common Mode Chokes - Power | codes=66 | parts=1764,Production,,,,https://www.chilisin.com/en-global/Inductor/index/power?pro_type=2,Chilisin official Next.js tree,官方网页抽取,2026-04-19 19:25,breadcrumb=EMC -> Common Mode Chokes - Power | partCount=1764,,,,,,,,,,,,,,,,,,,,,,,,Chilisin official tree: EMC -> Common Mode Chokes - Power,chilisin_inductor_tree,,,,,,,,,,,
Chilisin,SC-JS,Common Mode Chokes - Power,,Ferrite,,,,,Common Mode Chokes - Power,Chilisin official tree,partCount=1764,EMC -> Common Mode Chokes - Power,共模电感,SMT,,,共模电感 | Common Mode Chokes - Power | codes=66 | parts=1764,Production,,,,https://www.chilisin.com/en-global/Inductor/index/power?pro_type=2,Chilisin official Next.js tree,官方网页抽取,2026-04-19 19:25,breadcrumb=EMC -> Common Mode Chokes - Power | partCount=1764,,,,,,,,,,,,,,,,,,,,,,,,Chilisin official tree: EMC -> Common Mode Chokes - Power,chilisin_inductor_tree,,,,,,,,,,,
Chilisin,SS21V,Common Mode Chokes - Power,,Ferrite,,,,,Common Mode Chokes - Power,Chilisin official tree,partCount=1764,EMC -> Common Mode Chokes - Power,共模电感,SMT,,,共模电感 | Common Mode Chokes - Power | codes=66 | parts=1764,Production,,,,https://www.chilisin.com/en-global/Inductor/index/power?pro_type=2,Chilisin official Next.js tree,官方网页抽取,2026-04-19 19:25,breadcrumb=EMC -> Common Mode Chokes - Power | partCount=1764,,,,,,,,,,,,,,,,,,,,,,,,Chilisin official tree: EMC -> Common Mode Chokes - Power,chilisin_inductor_tree,,,,,,,,,,,
Chilisin,SC-JH,Common Mode Chokes - Power,,Ferrite,,,,,Common Mode Chokes - Power,Chilisin official tree,partCount=1764,EMC -> Common Mode Chokes - Power,共模电感,SMT,,,共模电感 | Common Mode Chokes - Power | codes=66 | parts=1764,Production,,,,https://www.chilisin.com/en-global/Inductor/index/power?pro_type=2,Chilisin official Next.js tree,官方网页抽取,2026-04-19 19:25,breadcrumb=EMC -> Common Mode Chokes - Power | partCount=1764,,,,,,,,,,,,,,,,,,,,,,,,Chilisin official tree: EMC -> Common Mode Chokes - Power,chilisin_inductor_tree,,,,,,,,,,,
Chilisin,SCR31,Common Mode Chokes - Power,,Ferrite,,,,,Common Mode Chokes - Power,Chilisin official tree,partCount=1764,EMC -> Common Mode Chokes - Power,共模电感,SMT,,,共模电感 | Common Mode Chokes - Power | codes=66 | parts=1764,Production,,,,https://www.chilisin.com/en-global/Inductor/index/power?pro_type=2,Chilisin official Next.js tree,官方网页抽取,2026-04-19 19:25,breadcrumb=EMC -> Common Mode Chokes - Power | partCount=1764,,,,,,,,,,,,,,,,,,,,,,,,Chilisin official tree: EMC -> Common Mode Chokes - Power,chilisin_inductor_tree,,,,,,,,,,,
Chilisin,SCR38,Common Mode Chokes - Power,,Ferrite,,,,,Common Mode Chokes - Power,Chilisin official tree,partCount=1764,EMC -> Common Mode Chokes - Power,共模电感,SMT,,,共模电感 | Common Mode Chokes - Power | codes=66 | parts=1764,Production,,,,https://www.chilisin.com/en-global/Inductor/index/power?pro_type=2,Chilisin official Next.js tree,官方网页抽取,2026-04-19 19:25,breadcrumb=EMC -> Common Mode Chokes - Power | partCount=1764,,,,,,,,,,,,,,,,,,,,,,,,Chilisin official tree: EMC -> Common Mode Chokes - Power,chilisin_inductor_tree,,,,,,,,,,,
Chilisin,SC_JKH,Common Mode Chokes - Power,,Ferrite,,,,,Common Mode Chokes - Power,Chilisin official tree,partCount=1764,EMC -> Common Mode Chokes - Power,共模电感,SMT,,,共模电感 | Common Mode Chokes - Power | codes=66 | parts=1764,Production,,,,https://www.chilisin.com/en-global/Inductor/index/power?pro_type=2,Chilisin official Next.js tree,官方网页抽取,2026-04-19 19:25,breadcrumb=EMC -> Common Mode Chokes - Power | partCount=1764,,,,,,,,,,,,,,,,,,,,,,,,Chilisin official tree: EMC -> Common Mode Chokes - Power,chilisin_inductor_tree,,,,,,,,,,,
Chilisin,SSR10VS/HS,Common Mode Chokes - Power,,Ferrite,,,,,Common Mode Chokes - Power,Chilisin official tree,partCount=1764,EMC -> Common Mode Chokes - Power,共模电感,SMT,,,共模电感 | Common Mode Chokes - Power | codes=66 | parts=1764,Production,,,,https://www.chilisin.com/en-global/Inductor/index/power?pro_type=2,Chilisin official Next.js tree,官方网页抽取,2026-04-19 19:25,breadcrumb=EMC -> Common Mode Chokes - Power | partCount=1764,,,,,,,,,,,,,,,,,,,,,,,,Chilisin official tree: EMC -> Common Mode Chokes - Power,chilisin_inductor_tree,,,,,,,,,,,
Chilisin,SSR21NVS/NHS,Common Mode Chokes - Power,,Ferrite,,,,,Common Mode Chokes - Power,Chilisin official tree,partCount=1764,EMC -> Common Mode Chokes - Power,共模电感,SMT,,,共模电感 | Common Mode Chokes - Power | codes=66 | parts=1764,Production,,,,https://www.chilisin.com/en-global/Inductor/index/power?pro_type=2,Chilisin official Next.js tree,官方网页抽取,2026-04-19 19:25,breadcrumb=EMC -> Common Mode Chokes - Power | partCount=1764,,,,,,,,,,,,,,,,,,,,,,,,Chilisin official tree: EMC -> Common Mode Chokes - Power,chilisin_inductor_tree,,,,,,,,,,,
Chilisin,SSB11V,Common Mode Chokes - Power,,Ferrite,,,,,Common Mode Chokes - Power,Chilisin official tree,partCount=1764,EMC -> Common Mode Chokes - Power,共模电感,SMT,,,共模电感 | Common Mode Chokes - Power | codes=66 | parts=1764,Production,,,,https://www.chilisin.com/en-global/Inductor/index/power?pro_type=2,Chilisin official Next.js tree,官方网页抽取,2026-04-19 19:25,breadcrumb=EMC -> Common Mode Chokes - Power | partCount=1764,,,,,,,,,,,,,,,,,,,,,,,,Chilisin official tree: EMC -> Common Mode Chokes - Power,chilisin_inductor_tree,,,,,,,,,,,
Chilisin,SC47X 3PHASE,Common Mode Chokes - Power,,Ferrite,,,,,Common Mode Chokes - Power,Chilisin official tree,partCount=1764,EMC -> Common Mode Chokes - Power,共模电感,SMT,,,共模电感 | Common Mode Chokes - Power | codes=66 | parts=1764,Production,,,,https://www.chilisin.com/en-global/Inductor/index/power?pro_type=2,Chilisin official Next.js tree,官方网页抽取,2026-04-19 19:25,breadcrumb=EMC -> Common Mode Chokes - Power | partCount=1764,,,,,,,,,,,,,,,,,,,,,,,,Chilisin official tree: EMC -> Common Mode Chokes - Power,chilisin_inductor_tree,,,,,,,,,,,
Chilisin,SC39XV-S,Common Mode Chokes - Power,,Ferrite,,,,,Common Mode Chokes - Power,Chilisin official tree,partCount=1764,EMC -> Common Mode Chokes - Power,共模电感,SMT,,,共模电感 | Common Mode Chokes - Power | codes=66 | parts=1764,Production,,,,https://www.chilisin.com/en-global/Inductor/index/power?pro_type=2,Chilisin official Next.js tree,官方网页抽取,2026-04-19 19:25,breadcrumb=EMC -> Common Mode Chokes - Power | partCount=1764,,,,,,,,,,,,,,,,,,,,,,,,Chilisin official tree: EMC -> Common Mode Chokes - Power,chilisin_inductor_tree,,,,,,,,,,,
Chilisin,SCF,Common Mode Chokes - Power,,Ferrite,,,,,Common Mode Chokes - Power,Chilisin official tree,partCount=1764,EMC -> Common Mode Chokes - Power,共模电感,SMT,,,共模电感 | Common Mode Chokes - Power | codes=66 | parts=1764,Production,,,,https://www.chilisin.com/en-global/Inductor/index/power?pro_type=2,Chilisin official Next.js tree,官方网页抽取,2026-04-19 19:25,breadcrumb=EMC -> Common Mode Chokes - Power | partCount=1764,,,,,,,,,,,,,,,,,,,,,,,,Chilisin official tree: EMC -> Common Mode Chokes - Power,chilisin_inductor_tree,,,,,,,,,,,
Chilisin,SC-GJ,Common Mode Chokes - Power,,Ferrite,,,,,Common Mode Chokes - Power,Chilisin official tree,partCount=1764,EMC -> Common Mode Chokes - Power,共模电感,SMT,,,共模电感 | Common Mode Chokes - Power | codes=66 | parts=1764,Production,,,,https://www.chilisin.com/en-global/Inductor/index/power?pro_type=2,Chilisin official Next.js tree,官方网页抽取,2026-04-19 19:25,breadcrumb=EMC -> Common Mode Chokes - Power | partCount=1764,,,,,,,,,,,,,,,,,,,,,,,,Chilisin official tree: EMC -> Common Mode Chokes - Power,chilisin_inductor_tree,,,,,,,,,,,
Chilisin,SU-9V,Common Mode Chokes - Power,,Ferrite,,,,,Common Mode Chokes - Power,Chilisin official tree,partCount=1764,EMC -> Common Mode Chokes - Power,共模电感,SMT,,,共模电感 | Common Mode Chokes - Power | codes=66 | parts=1764,Production,,,,https://www.chilisin.com/en-global/Inductor/index/power?pro_type=2,Chilisin official Next.js tree,官方网页抽取,2026-04-19 19:25,breadcrumb=EMC -> Common Mode Chokes - Power | partCount=1764,,,,,,,,,,,,,,,,,,,,,,,,Chilisin official tree: EMC -> Common Mode Chokes - Power,chilisin_inductor_tree,,,,,,,,,,,
Chilisin,SC39XV,Common Mode Chokes - Power,,Ferrite,,,,,Common Mode Chokes - Power,Chilisin official tree,partCount=1764,EMC -> Common Mode Chokes - Power,共模电感,SMT,,,共模电感 | Common Mode Chokes - Power | codes=66 | parts=1764,Production,,,,https://www.chilisin.com/en-global/Inductor/index/power?pro_type=2,Chilisin official Next.js tree,官方网页抽取,2026-04-19 19:25,breadcrumb=EMC -> Common Mode Chokes - Power | partCount=1764,,,,,,,,,,,,,,,,,,,,,,,,Chilisin official tree: EMC -> Common Mode Chokes - Power,chilisin_inductor_tree,,,,,,,,,,,
Chilisin,SS26V,Common Mode Chokes - Power,,Ferrite,,,,,Common Mode Chokes - Power,Chilisin official tree,partCount=1764,EMC -> Common Mode Chokes - Power,共模电感,SMT,,,共模电感 | Common Mode Chokes - Power | codes=66 | parts=1764,Production,,,,https://www.chilisin.com/en-global/Inductor/index/power?pro_type=2,Chilisin official Next.js tree,官方网页抽取,2026-04-19 19:25,breadcrumb=EMC -> Common Mode Chokes - Power | partCount=1764,,,,,,,,,,,,,,,,,,,,,,,,Chilisin official tree: EMC -> Common Mode Chokes - Power,chilisin_inductor_tree,,,,,,,,,,,
Chilisin,SU-16VD,Common Mode Chokes - Power,,Ferrite,,,,,Common Mode Chokes - Power,Chilisin official tree,partCount=1764,EMC -> Common Mode Chokes - Power,共模电感,SMT,,,共模电感 | Common Mode Chokes - Power | codes=66 | parts=1764,Production,,,,https://www.chilisin.com/en-global/Inductor/index/power?pro_type=2,Chilisin official Next.js tree,官方网页抽取,2026-04-19 19:25,breadcrumb=EMC -> Common Mode Chokes - Power | partCount=1764,,,,,,,,,,,,,,,,,,,,,,,,Chilisin official tree: EMC -> Common Mode Chokes - Power,chilisin_inductor_tree,,,,,,,,,,,
Chilisin,SSRH24NV/NH,Common Mode Chokes - Power,,Ferrite,,,,,Common Mode Chokes - Power,Chilisin official tree,partCount=1764,EMC -> Common Mode Chokes - Power,共模电感,SMT,,,共模电感 | Common Mode Chokes - Power | codes=66 | parts=1764,Production,,,,https://www.chilisin.com/en-global/Inductor/index/power?pro_type=2,Chilisin official Next.js tree,官方网页抽取,2026-04-19 19:25,breadcrumb=EMC -> Common Mode Chokes - Power | partCount=1764,,,,,,,,,,,,,,,,,,,,,,,,Chilisin official tree: EMC -> Common Mode Chokes - Power,chilisin_inductor_tree,,,,,,,,,,,
Chilisin,SC Three Phase,Common Mode Chokes - Power,,Ferrite,,,,,Common Mode Chokes - Power,Chilisin official tree,partCount=1764,EMC -> Common Mode Chokes - Power,共模电感,SMT,,,共模电感 | Common Mode Chokes - Power | codes=66 | parts=1764,Production,,,,https://www.chilisin.com/en-global/Inductor/index/power?pro_type=2,Chilisin official Next.js tree,官方网页抽取,2026-04-19 19:25,breadcrumb=EMC -> Common Mode Chokes - Power | partCount=1764,,,,,,,,,,,,,,,,,,,,,,,,Chilisin official tree: EMC -> Common Mode Chokes - Power,chilisin_inductor_tree,,,,,,,,,,,
Chilisin,SC31X 3PHASE,Common Mode Chokes - Power,,Ferrite,,,,,Common Mode Chokes - Power,Chilisin official tree,partCount=1764,EMC -> Common Mode Chokes - Power,共模电感,SMT,,,共模电感 | Common Mode Chokes - Power | codes=66 | parts=1764,Production,,,,https://www.chilisin.com/en-global/Inductor/index/power?pro_type=2,Chilisin official Next.js tree,官方网页抽取,2026-04-19 19:25,breadcrumb=EMC -> Common Mode Chokes - Power | partCount=1764,,,,,,,,,,,,,,,,,,,,,,,,Chilisin official tree: EMC -> Common Mode Chokes - Power,chilisin_inductor_tree,,,,,,,,,,,
Chilisin,SC21X 3PHASE,Common Mode Chokes - Power,,Ferrite,,,,,Common Mode Chokes - Power,Chilisin official tree,partCount=1764,EMC -> Common Mode Chokes - Power,共模电感,SMT,,,共模电感 | Common Mode Chokes - Power | codes=66 | parts=1764,Production,,,,https://www.chilisin.com/en-global/Inductor/index/power?pro_type=2,Chilisin official Next.js tree,官方网页抽取,2026-04-19 19:25,breadcrumb=EMC -> Common Mode Chokes - Power | partCount=1764,,,,,,,,,,,,,,,,,,,,,,,,Chilisin official tree: EMC -> Common Mode Chokes - Power,chilisin_inductor_tree,,,,,,,,,,,
Chilisin,SU-9VD,Common Mode Chokes - Power,,Ferrite,,,,,Common Mode Chokes - Power,Chilisin official tree,partCount=1764,EMC -> Common Mode Chokes - Power,共模电感,SMT,,,共模电感 | Common Mode Chokes - Power | codes=66 | parts=1764,Production,,,,https://www.chilisin.com/en-global/Inductor/index/power?pro_type=2,Chilisin official Next.js tree,官方网页抽取,2026-04-19 19:25,breadcrumb=EMC -> Common Mode Chokes - Power | partCount=1764,,,,,,,,,,,,,,,,,,,,,,,,Chilisin official tree: EMC -> Common Mode Chokes - Power,chilisin_inductor_tree,,,,,,,,,,,
Chilisin,SU-10VD,Common Mode Chokes - Power,,Ferrite,,,,,Common Mode Chokes - Power,Chilisin official tree,partCount=1764,EMC -> Common Mode Chokes - Power,共模电感,SMT,,,共模电感 | Common Mode Chokes - Power | codes=66 | parts=1764,Production,,,,https://www.chilisin.com/en-global/Inductor/index/power?pro_type=2,Chilisin official Next.js tree,官方网页抽取,2026-04-19 19:25,breadcrumb=EMC -> Common Mode Chokes - Power | partCount=1764,,,,,,,,,,,,,,,,,,,,,,,,Chilisin official tree: EMC -> Common Mode Chokes - Power,chilisin_inductor_tree,,,,,,,,,,,
Chilisin,SC-JV,Common Mode Chokes - Power,,Ferrite,,,,,Common Mode Chokes - Power,Chilisin official tree,partCount=1764,EMC -> Common Mode Chokes - Power,共模电感,SMT,,,共模电感 | Common Mode Chokes - Power | codes=66 | parts=1764,Production,,,,https://www.chilisin.com/en-global/Inductor/index/power?pro_type=2,Chilisin official Next.js tree,官方网页抽取,2026-04-19 19:25,breadcrumb=EMC -> Common Mode Chokes - Power | partCount=1764,,,,,,,,,,,,,,,,,,,,,,,,Chilisin official tree: EMC -> Common Mode Chokes - Power,chilisin_inductor_tree,,,,,,,,,,,
Chilisin,SSR10V/H,Common Mode Chokes - Power,,Ferrite,,,,,Common Mode Chokes - Power,Chilisin official tree,partCount=1764,EMC -> Common Mode Chokes - Power,共模电感,SMT,,,共模电感 | Common Mode Chokes - Power | codes=66 | parts=1764,Production,,,,https://www.chilisin.com/en-global/Inductor/index/power?pro_type=2,Chilisin official Next.js tree,官方网页抽取,2026-04-19 19:25,breadcrumb=EMC -> Common Mode Chokes - Power | partCount=1764,,,,,,,,,,,,,,,,,,,,,,,,Chilisin official tree: EMC -> Common Mode Chokes - Power,chilisin_inductor_tree,,,,,,,,,,,
Chilisin,SSR21NV/NH,Common Mode Chokes - Power,,Ferrite,,,,,Common Mode Chokes - Power,Chilisin official tree,partCount=1764,EMC -> Common Mode Chokes - Power,共模电感,SMT,,,共模电感 | Common Mode Chokes - Power | codes=66 | parts=1764,Production,,,,https://www.chilisin.com/en-global/Inductor/index/power?pro_type=2,Chilisin official Next.js tree,官方网页抽取,2026-04-19 19:25,breadcrumb=EMC -> Common Mode Chokes - Power | partCount=1764,,,,,,,,,,,,,,,,,,,,,,,,Chilisin official tree: EMC -> Common Mode Chokes - Power,chilisin_inductor_tree,,,,,,,,,,,
Chilisin,SC25XV,Common Mode Chokes - Power,,Ferrite,,,,,Common Mode Chokes - Power,Chilisin official tree,partCount=1764,EMC -> Common Mode Chokes - Power,共模电感,SMT,,,共模电感 | Common Mode Chokes - Power | codes=66 | parts=1764,Production,,,,https://www.chilisin.com/en-global/Inductor/index/power?pro_type=2,Chilisin official Next.js tree,官方网页抽取,2026-04-19 19:25,breadcrumb=EMC -> Common Mode Chokes - Power | partCount=1764,,,,,,,,,,,,,,,,,,,,,,,,Chilisin official tree: EMC -> Common Mode Chokes - Power,chilisin_inductor_tree,,,,,,,,,,,
Chilisin,SS21VB,Common Mode Chokes - Power,,Ferrite,,,,,Common Mode Chokes - Power,Chilisin official tree,partCount=1764,EMC -> Common Mode Chokes - Power,共模电感,SMT,,,共模电感 | Common Mode Chokes - Power | codes=66 | parts=1764,Production,,,,https://www.chilisin.com/en-global/Inductor/index/power?pro_type=2,Chilisin official Next.js tree,官方网页抽取,2026-04-19 19:25,breadcrumb=EMC -> Common Mode Chokes - Power | partCount=1764,,,,,,,,,,,,,,,,,,,,,,,,Chilisin official tree: EMC -> Common Mode Chokes - Power,chilisin_inductor_tree,,,,,,,,,,,
Chilisin,SC-G/GS,Common Mode Chokes - Power,,Ferrite,,,,,Common Mode Chokes - Power,Chilisin official tree,partCount=1764,EMC -> Common Mode Chokes - Power,共模电感,SMT,,,共模电感 | Common Mode Chokes - Power | codes=66 | parts=1764,Production,,,,https://www.chilisin.com/en-global/Inductor/index/power?pro_type=2,Chilisin official Next.js tree,官方网页抽取,2026-04-19 19:25,breadcrumb=EMC -> Common Mode Chokes - Power | partCount=1764,,,,,,,,,,,,,,,,,,,,,,,,Chilisin official tree: EMC -> Common Mode Chokes - Power,chilisin_inductor_tree,,,,,,,,,,,
Chilisin,SCR-H,Common Mode Chokes - Power,,Ferrite,,,,,Common Mode Chokes - Power,Chilisin official tree,partCount=1764,EMC -> Common Mode Chokes - Power,共模电感,SMT,,,共模电感 | Common Mode Chokes - Power | codes=66 | parts=1764,Production,,,,https://www.chilisin.com/en-global/Inductor/index/power?pro_type=2,Chilisin official Next.js tree,官方网页抽取,2026-04-19 19:25,breadcrumb=EMC -> Common Mode Chokes - Power | partCount=1764,,,,,,,,,,,,,,,,,,,,,,,,Chilisin official tree: EMC -> Common Mode Chokes - Power,chilisin_inductor_tree,,,,,,,,,,,
Chilisin,SU-9HD,Common Mode Chokes - Power,,Ferrite,,,,,Common Mode Chokes - Power,Chilisin official tree,partCount=1764,EMC -> Common Mode Chokes - Power,共模电感,SMT,,,共模电感 | Common Mode Chokes - Power | codes=66 | parts=1764,Production,,,,https://www.chilisin.com/en-global/Inductor/index/power?pro_type=2,Chilisin official Next.js tree,官方网页抽取,2026-04-19 19:25,breadcrumb=EMC -> Common Mode Chokes - Power | partCount=1764,,,,,,,,,,,,,,,,,,,,,,,,Chilisin official tree: EMC -> Common Mode Chokes - Power,chilisin_inductor_tree,,,,,,,,,,,
Chilisin,SC19XV,Common Mode Chokes - Power,,Ferrite,,,,,Common Mode Chokes - Power,Chilisin official tree,partCount=1764,EMC -> Common Mode Chokes - Power,共模电感,SMT,,,共模电感 | Common Mode Chokes - Power | codes=66 | parts=1764,Production,,,,https://www.chilisin.com/en-global/Inductor/index/power?pro_type=2,Chilisin official Next.js tree,官方网页抽取,2026-04-19 19:25,breadcrumb=EMC -> Common Mode Chokes - Power | partCount=1764,,,,,,,,,,,,,,,,,,,,,,,,Chilisin official tree: EMC -> Common Mode Chokes - Power,chilisin_inductor_tree,,,,,,,,,,,
Chilisin,SU-7VC,Common Mode Chokes - Power,,Ferrite,,,,,Common Mode Chokes - Power,Chilisin official tree,partCount=1764,EMC -> Common Mode Chokes - Power,共模电感,SMT,,,共模电感 | Common Mode Chokes - Power | codes=66 | parts=1764,Production,,,,https://www.chilisin.com/en-global/Inductor/index/power?pro_type=2,Chilisin official Next.js tree,官方网页抽取,2026-04-19 19:25,breadcrumb=EMC -> Common Mode Chokes - Power | partCount=1764,,,,,,,,,,,,,,,,,,,,,,,,Chilisin official tree: EMC -> Common Mode Chokes - Power,chilisin_inductor_tree,,,,,,,,,,,
Chilisin,SSR21NV-M/NH-M,Common Mode Chokes - Power,,Ferrite,,,,,Common Mode Chokes - Power,Chilisin official tree,partCount=1764,EMC -> Common Mode Chokes - Power,共模电感,SMT,,,共模电感 | Common Mode Chokes - Power | codes=66 | parts=1764,Production,,,,https://www.chilisin.com/en-global/Inductor/index/power?pro_type=2,Chilisin official Next.js tree,官方网页抽取,2026-04-19 19:25,breadcrumb=EMC -> Common Mode Chokes - Power | partCount=1764,,,,,,,,,,,,,,,,,,,,,,,,Chilisin official tree: EMC -> Common Mode Chokes - Power,chilisin_inductor_tree,,,,,,,,,,,
Chilisin,SU-9VF,Common Mode Chokes - Power,,Ferrite,,,,,Common Mode Chokes - Power,Chilisin official tree,partCount=1764,EMC -> Common Mode Chokes - Power,共模电感,SMT,,,共模电感 | Common Mode Chokes - Power | codes=66 | parts=1764,Production,,,,https://www.chilisin.com/en-global/Inductor/index/power?pro_type=2,Chilisin official Next.js tree,官方网页抽取,2026-04-19 19:25,breadcrumb=EMC -> Common Mode Chokes - Power | partCount=1764,,,,,,,,,,,,,,,,,,,,,,,,Chilisin official tree: EMC -> Common Mode Chokes - Power,chilisin_inductor_tree,,,,,,,,,,,
Chilisin,SU-10VFC-R,Common Mode Chokes - Power,,Ferrite,,,,,Common Mode Chokes - Power,Chilisin official tree,partCount=1764,EMC -> Common Mode Chokes - Power,共模电感,SMT,,,共模电感 | Common Mode Chokes - Power | codes=66 | parts=1764,Production,,,,https://www.chilisin.com/en-global/Inductor/index/power?pro_type=2,Chilisin official Next.js tree,官方网页抽取,2026-04-19 19:25,breadcrumb=EMC -> Common Mode Chokes - Power | partCount=1764,,,,,,,,,,,,,,,,,,,,,,,,Chilisin official tree: EMC -> Common Mode Chokes - Power,chilisin_inductor_tree,,,,,,,,,,,
Chilisin,SC31X,Common Mode Chokes - Power,,Ferrite,,,,,Common Mode Chokes - Power,Chilisin official tree,partCount=1764,EMC -> Common Mode Chokes - Power,共模电感,SMT,,,共模电感 | Common Mode Chokes - Power | codes=66 | parts=1764,Production,,,,https://www.chilisin.com/en-global/Inductor/index/power?pro_type=2,Chilisin official Next.js tree,官方网页抽取,2026-04-19 19:25,breadcrumb=EMC -> Common Mode Chokes - Power | partCount=1764,,,,,,,,,,,,,,,,,,,,,,,,Chilisin official tree: EMC -> Common Mode Chokes - Power,chilisin_inductor_tree,,,,,,,,,,,
Chilisin,SBS9080,Common Mode Chokes - Signal,,Ferrite,,,,,Common Mode Chokes - Signal,Chilisin official tree,partCount=333,EMC -> Common Mode Chokes - Signal,共模电感,SMT,,,共模电感 | Common Mode Chokes - Signal | codes=8 | parts=333,Production,,,,https://www.chilisin.com/en-global/Inductor/index/power?pro_type=2,Chilisin official Next.js tree,官方网页抽取,2026-04-19 19:25,breadcrumb=EMC -> Common Mode Chokes - Signal | partCount=333,,,,,,,,,,,,,,,,,,,,,,,,Chilisin official tree: EMC -> Common Mode Chokes - Signal,chilisin_inductor_tree,,,,,,,,,,,
Chilisin,SBT-01W,Common Mode Chokes - Signal,,Ferrite,,,,,Common Mode Chokes - Signal,Chilisin official tree,partCount=333,EMC -> Common Mode Chokes - Signal,共模电感,SMT,,,共模电感 | Common Mode Chokes - Signal | codes=8 | parts=333,Production,,,,https://www.chilisin.com/en-global/Inductor/index/power?pro_type=2,Chilisin official Next.js tree,官方网页抽取,2026-04-19 19:25,breadcrumb=EMC -> Common Mode Chokes - Signal | partCount=333,,,,,,,,,,,,,,,,,,,,,,,,Chilisin official tree: EMC -> Common Mode Chokes - Signal,chilisin_inductor_tree,,,,,,,,,,,
Chilisin,PLT,Common Mode Chokes - Signal,,Ferrite,,,,,Common Mode Chokes - Signal,Chilisin official tree,partCount=333,EMC -> Common Mode Chokes - Signal,共模电感,SMT,,,共模电感 | Common Mode Chokes - Signal | codes=8 | parts=333,Production,,,,https://www.chilisin.com/en-global/Inductor/index/power?pro_type=2,Chilisin official Next.js tree,官方网页抽取,2026-04-19 19:25,breadcrumb=EMC -> Common Mode Chokes - Signal | partCount=333,,,,,,,,,,,,,,,,,,,,,,,,Chilisin official tree: EMC -> Common Mode Chokes - Signal,chilisin_inductor_tree,,,,,,,,,,,
Chilisin,M-500CT,Common Mode Chokes - Signal,,Ferrite,,,,,Common Mode Chokes - Signal,Chilisin official tree,partCount=333,EMC -> Common Mode Chokes - Signal,共模电感,SMT,,,共模电感 | Common Mode Chokes - Signal | codes=8 | parts=333,Production,,,,https://www.chilisin.com/en-global/Inductor/index/power?pro_type=2,Chilisin official Next.js tree,官方网页抽取,2026-04-19 19:25,breadcrumb=EMC -> Common Mode Chokes - Signal | partCount=333,,,,,,,,,,,,,,,,,,,,,,,,Chilisin official tree: EMC -> Common Mode Chokes - Signal,chilisin_inductor_tree,,,,,,,,,,,
Chilisin,ST-110,Common Mode Chokes - Signal,,Ferrite,,,,,Common Mode Chokes - Signal,Chilisin official tree,partCount=333,EMC -> Common Mode Chokes - Signal,共模电感,SMT,,,共模电感 | Common Mode Chokes - Signal | codes=8 | parts=333,Production,,,,https://www.chilisin.com/en-global/Inductor/index/power?pro_type=2,Chilisin official Next.js tree,官方网页抽取,2026-04-19 19:25,breadcrumb=EMC -> Common Mode Chokes - Signal | partCount=333,,,,,,,,,,,,,,,,,,,,,,,,Chilisin official tree: EMC -> Common Mode Chokes - Signal,chilisin_inductor_tree,,,,,,,,,,,
Chilisin,SHO,Common Mode Chokes - Signal,,Ferrite,,,,,Common Mode Chokes - Signal,Chilisin official tree,partCount=333,EMC -> Common Mode Chokes - Signal,共模电感,SMT,,,共模电感 | Common Mode Chokes - Signal | codes=8 | parts=333,Production,,,,https://www.chilisin.com/en-global/Inductor/index/power?pro_type=2,Chilisin official Next.js tree,官方网页抽取,2026-04-19 19:25,breadcrumb=EMC -> Common Mode Chokes - Signal | partCount=333,,,,,,,,,,,,,,,,,,,,,,,,Chilisin official tree: EMC -> Common Mode Chokes - Signal,chilisin_inductor_tree,,,,,,,,,,,
Chilisin,ST,Common Mode Chokes - Signal,,Ferrite,,,,,Common Mode Chokes - Signal,Chilisin official tree,partCount=333,EMC -> Common Mode Chokes - Signal,共模电感,SMT,,,共模电感 | Common Mode Chokes - Signal | codes=8 | parts=333,Production,,,,https://www.chilisin.com/en-global/Inductor/index/power?pro_type=2,Chilisin official Next.js tree,官方网页抽取,2026-04-19 19:25,breadcrumb=EMC -> Common Mode Chokes - Signal | partCount=333,,,,,,,,,,,,,,,,,,,,,,,,Chilisin official tree: EMC -> Common Mode Chokes - Signal,chilisin_inductor_tree,,,,,,,,,,,
Chilisin,SH,Common Mode Chokes - Signal,,Ferrite,,,,,Common Mode Chokes - Signal,Chilisin official tree,partCount=333,EMC -> Common Mode Chokes - Signal,共模电感,SMT,,,共模电感 | Common Mode Chokes - Signal | codes=8 | parts=333,Production,,,,https://www.chilisin.com/en-global/Inductor/index/power?pro_type=2,Chilisin official Next.js tree,官方网页抽取,2026-04-19 19:25,breadcrumb=EMC -> Common Mode Chokes - Signal | partCount=333,,,,,,,,,,,,,,,,,,,,,,,,Chilisin official tree: EMC -> Common Mode Chokes - Signal,chilisin_inductor_tree,,,,,,,,,,,
Chilisin,SHBC,Differential Mode Chokes - Power,,Ferrite,,,,,Differential Mode Chokes - Power,Chilisin official tree,partCount=135,EMC -> Differential Mode Chokes - Power,共模电感,SMT,,,共模电感 | Differential Mode Chokes - Power | codes=8 | parts=135,Production,,,,https://www.chilisin.com/en-global/Inductor/index/power?pro_type=2,Chilisin official Next.js tree,官方网页抽取,2026-04-19 19:25,breadcrumb=EMC -> Differential Mode Chokes - Power | partCount=135,,,,,,,,,,,,,,,,,,,,,,,,Chilisin official tree: EMC -> Differential Mode Chokes - Power,chilisin_inductor_tree,,,,,,,,,,,
Chilisin,SN-JB,Differential Mode Chokes - Power,,Ferrite,,,,,Differential Mode Chokes - Power,Chilisin official tree,partCount=135,EMC -> Differential Mode Chokes - Power,共模电感,SMT,,,共模电感 | Differential Mode Chokes - Power | codes=8 | parts=135,Production,,,,https://www.chilisin.com/en-global/Inductor/index/power?pro_type=2,Chilisin official Next.js tree,官方网页抽取,2026-04-19 19:25,breadcrumb=EMC -> Differential Mode Chokes - Power | partCount=135,,,,,,,,,,,,,,,,,,,,,,,,Chilisin official tree: EMC -> Differential Mode Chokes - Power,chilisin_inductor_tree,,,,,,,,,,,
Chilisin,SN-JA,Differential Mode Chokes - Power,,Ferrite,,,,,Differential Mode Chokes - Power,Chilisin official tree,partCount=135,EMC -> Differential Mode Chokes - Power,共模电感,SMT,,,共模电感 | Differential Mode Chokes - Power | codes=8 | parts=135,Production,,,,https://www.chilisin.com/en-global/Inductor/index/power?pro_type=2,Chilisin official Next.js tree,官方网页抽取,2026-04-19 19:25,breadcrumb=EMC -> Differential Mode Chokes - Power | partCount=135,,,,,,,,,,,,,,,,,,,,,,,,Chilisin official tree: EMC -> Differential Mode Chokes - Power,chilisin_inductor_tree,,,,,,,,,,,
Chilisin,PHBC,Differential Mode Chokes - Power,,Ferrite,,,,,Differential Mode Chokes - Power,Chilisin official tree,partCount=135,EMC -> Differential Mode Chokes - Power,共模电感,SMT,,,共模电感 | Differential Mode Chokes - Power | codes=8 | parts=135,Production,,,,https://www.chilisin.com/en-global/Inductor/index/power?pro_type=2,Chilisin official Next.js tree,官方网页抽取,2026-04-19 19:25,breadcrumb=EMC -> Differential Mode Chokes - Power | partCount=135,,,,,,,,,,,,,,,,,,,,,,,,Chilisin official tree: EMC -> Differential Mode Chokes - Power,chilisin_inductor_tree,,,,,,,,,,,
Chilisin,SN-J,Differential Mode Chokes - Power,,Ferrite,,,,,Differential Mode Chokes - Power,Chilisin official tree,partCount=135,EMC -> Differential Mode Chokes - Power,共模电感,SMT,,,共模电感 | Differential Mode Chokes - Power | codes=8 | parts=135,Production,,,,https://www.chilisin.com/en-global/Inductor/index/power?pro_type=2,Chilisin official Next.js tree,官方网页抽取,2026-04-19 19:25,breadcrumb=EMC -> Differential Mode Chokes - Power | partCount=135,,,,,,,,,,,,,,,,,,,,,,,,Chilisin official tree: EMC -> Differential Mode Chokes - Power,chilisin_inductor_tree,,,,,,,,,,,
Chilisin,SN,Differential Mode Chokes - Power,,Ferrite,,,,,Differential Mode Chokes - Power,Chilisin official tree,partCount=135,EMC -> Differential Mode Chokes - Power,共模电感,SMT,,,共模电感 | Differential Mode Chokes - Power | codes=8 | parts=135,Production,,,,https://www.chilisin.com/en-global/Inductor/index/power?pro_type=2,Chilisin official Next.js tree,官方网页抽取,2026-04-19 19:25,breadcrumb=EMC -> Differential Mode Chokes - Power | partCount=135,,,,,,,,,,,,,,,,,,,,,,,,Chilisin official tree: EMC -> Differential Mode Chokes - Power,chilisin_inductor_tree,,,,,,,,,,,
Chilisin,HHBC,Differential Mode Chokes - Power,,Ferrite,,,,,Differential Mode Chokes - Power,Chilisin official tree,partCount=135,EMC -> Differential Mode Chokes - Power,共模电感,SMT,,,共模电感 | Differential Mode Chokes - Power | codes=8 | parts=135,Production,,,,https://www.chilisin.com/en-global/Inductor/index/power?pro_type=2,Chilisin official Next.js tree,官方网页抽取,2026-04-19 19:25,breadcrumb=EMC -> Differential Mode Chokes - Power | partCount=135,,,,,,,,,,,,,,,,,,,,,,,,Chilisin official tree: EMC -> Differential Mode Chokes - Power,chilisin_inductor_tree,,,,,,,,,,,
Chilisin,SN-P2,Differential Mode Chokes - Power,,Ferrite,,,,,Differential Mode Chokes - Power,Chilisin official tree,partCount=135,EMC -> Differential Mode Chokes - Power,共模电感,SMT,,,共模电感 | Differential Mode Chokes - Power | codes=8 | parts=135,Production,,,,https://www.chilisin.com/en-global/Inductor/index/power?pro_type=2,Chilisin official Next.js tree,官方网页抽取,2026-04-19 19:25,breadcrumb=EMC -> Differential Mode Chokes - Power | partCount=135,,,,,,,,,,,,,,,,,,,,,,,,Chilisin official tree: EMC -> Differential Mode Chokes - Power,chilisin_inductor_tree,,,,,,,,,,,
Chilisin,SBT,Differential Mode Chokes - Signal,,Ferrite,,,,,Differential Mode Chokes - Signal,Chilisin official tree,partCount=61,EMC -> Differential Mode Chokes - Signal,共模电感,SMT,,,共模电感 | Differential Mode Chokes - Signal | codes=4 | parts=61,Production,,,,https://www.chilisin.com/en-global/Inductor/index/power?pro_type=2,Chilisin official Next.js tree,官方网页抽取,2026-04-19 19:25,breadcrumb=EMC -> Differential Mode Chokes - Signal | partCount=61,,,,,,,,,,,,,,,,,,,,,,,,Chilisin official tree: EMC -> Differential Mode Chokes - Signal,chilisin_inductor_tree,,,,,,,,,,,
Chilisin,BEAD W,Differential Mode Chokes - Signal,,Ferrite,,,,,Differential Mode Chokes - Signal,Chilisin official tree,partCount=61,EMC -> Differential Mode Chokes - Signal,共模电感,SMT,,,共模电感 | Differential Mode Chokes - Signal | codes=4 | parts=61,Production,,,,https://www.chilisin.com/en-global/Inductor/index/power?pro_type=2,Chilisin official Next.js tree,官方网页抽取,2026-04-19 19:25,breadcrumb=EMC -> Differential Mode Chokes - Signal | partCount=61,,,,,,,,,,,,,,,,,,,,,,,,Chilisin official tree: EMC -> Differential Mode Chokes - Signal,chilisin_inductor_tree,,,,,,,,,,,
Chilisin,BEAD L,Differential Mode Chokes - Signal,,Ferrite,,,,,Differential Mode Chokes - Signal,Chilisin official tree,partCount=61,EMC -> Differential Mode Chokes - Signal,共模电感,SMT,,,共模电感 | Differential Mode Chokes - Signal | codes=4 | parts=61,Production,,,,https://www.chilisin.com/en-global/Inductor/index/power?pro_type=2,Chilisin official Next.js tree,官方网页抽取,2026-04-19 19:25,breadcrumb=EMC -> Differential Mode Chokes - Signal | partCount=61,,,,,,,,,,,,,,,,,,,,,,,,Chilisin official tree: EMC -> Differential Mode Chokes - Signal,chilisin_inductor_tree,,,,,,,,,,,
Chilisin,SNT,Differential Mode Chokes - Signal,,Ferrite,,,,,Differential Mode Chokes - Signal,Chilisin official tree,partCount=61,EMC -> Differential Mode Chokes - Signal,共模电感,SMT,,,共模电感 | Differential Mode Chokes - Signal | codes=4 | parts=61,Production,,,,https://www.chilisin.com/en-global/Inductor/index/power?pro_type=2,Chilisin official Next.js tree,官方网页抽取,2026-04-19 19:25,breadcrumb=EMC -> Differential Mode Chokes - Signal | partCount=61,,,,,,,,,,,,,,,,,,,,,,,,Chilisin official tree: EMC -> Differential Mode Chokes - Signal,chilisin_inductor_tree,,,,,,,,,,,
Chilisin,SSHB21HS,Dual Mode Chokes,,Ferrite,,,,,Dual Mode Chokes,Chilisin official tree,partCount=106,EMC -> Dual Mode Chokes,共模电感,SMT,,,共模电感 | Dual Mode Chokes | codes=5 | parts=106,Production,,,,https://www.chilisin.com/en-global/Inductor/index/power?pro_type=2,Chilisin official Next.js tree,官方网页抽取,2026-04-19 19:25,breadcrumb=EMC -> Dual Mode Chokes | partCount=106,,,,,,,,,,,,,,,,,,,,,,,,Chilisin official tree: EMC -> Dual Mode Chokes,chilisin_inductor_tree,,,,,,,,,,,
Chilisin,SSHB10HS,Dual Mode Chokes,,Ferrite,,,,,Dual Mode Chokes,Chilisin official tree,partCount=106,EMC -> Dual Mode Chokes,共模电感,SMT,,,共模电感 | Dual Mode Chokes | codes=5 | parts=106,Production,,,,https://www.chilisin.com/en-global/Inductor/index/power?pro_type=2,Chilisin official Next.js tree,官方网页抽取,2026-04-19 19:25,breadcrumb=EMC -> Dual Mode Chokes | partCount=106,,,,,,,,,,,,,,,,,,,,,,,,Chilisin official tree: EMC -> Dual Mode Chokes,chilisin_inductor_tree,,,,,,,,,,,
Chilisin,SSHB21H,Dual Mode Chokes,,Ferrite,,,,,Dual Mode Chokes,Chilisin official tree,partCount=106,EMC -> Dual Mode Chokes,共模电感,SMT,,,共模电感 | Dual Mode Chokes | codes=5 | parts=106,Production,,,,https://www.chilisin.com/en-global/Inductor/index/power?pro_type=2,Chilisin official Next.js tree,官方网页抽取,2026-04-19 19:25,breadcrumb=EMC -> Dual Mode Chokes | partCount=106,,,,,,,,,,,,,,,,,,,,,,,,Chilisin official tree: EMC -> Dual Mode Chokes,chilisin_inductor_tree,,,,,,,,,,,
Chilisin,SSHB10H,Dual Mode Chokes,,Ferrite,,,,,Dual Mode Chokes,Chilisin official tree,partCount=106,EMC -> Dual Mode Chokes,共模电感,SMT,,,共模电感 | Dual Mode Chokes | codes=5 | parts=106,Production,,,,https://www.chilisin.com/en-global/Inductor/index/power?pro_type=2,Chilisin official Next.js tree,官方网页抽取,2026-04-19 19:25,breadcrumb=EMC -> Dual Mode Chokes | partCount=106,,,,,,,,,,,,,,,,,,,,,,,,Chilisin official tree: EMC -> Dual Mode Chokes,chilisin_inductor_tree,,,,,,,,,,,
Chilisin,SCN-XV,Dual Mode Chokes,,Ferrite,,,,,Dual Mode Chokes,Chilisin official tree,partCount=106,EMC -> Dual Mode Chokes,共模电感,SMT,,,共模电感 | Dual Mode Chokes | codes=5 | parts=106,Production,,,,https://www.chilisin.com/en-global/Inductor/index/power?pro_type=2,Chilisin official Next.js tree,官方网页抽取,2026-04-19 19:25,breadcrumb=EMC -> Dual Mode Chokes | partCount=106,,,,,,,,,,,,,,,,,,,,,,,,Chilisin official tree: EMC -> Dual Mode Chokes,chilisin_inductor_tree,,,,,,,,,,,
Chilisin,FAH,EMI Filters,,,,,,,EMI Filters,Chilisin official tree,partCount=111,EMC -> EMI Filters,共模电感,SMT,,,共模电感 | EMI Filters | codes=23 | parts=111,Production,,,,https://www.chilisin.com/en-global/Inductor/index/power?pro_type=2,Chilisin official Next.js tree,官方网页抽取,2026-04-19 19:25,breadcrumb=EMC -> EMI Filters | partCount=111,,,,,,,,,,,,,,,,,,,,,,,,Chilisin official tree: EMC -> EMI Filters,chilisin_inductor_tree,,,,,,,,,,,
Chilisin,FLLD3-AW,EMI Filters,,,,,,,EMI Filters,Chilisin official tree,partCount=111,EMC -> EMI Filters,共模电感,SMT,,,共模电感 | EMI Filters | codes=23 | parts=111,Production,,,,https://www.chilisin.com/en-global/Inductor/index/power?pro_type=2,Chilisin official Next.js tree,官方网页抽取,2026-04-19 19:25,breadcrumb=EMC -> EMI Filters | partCount=111,,,,,,,,,,,,,,,,,,,,,,,,Chilisin official tree: EMC -> EMI Filters,chilisin_inductor_tree,,,,,,,,,,,
Chilisin,MR,EMI Filters,,,,,,,EMI Filters,Chilisin official tree,partCount=111,EMC -> EMI Filters,共模电感,SMT,,,共模电感 | EMI Filters | codes=23 | parts=111,Production,,,,https://www.chilisin.com/en-global/Inductor/index/power?pro_type=2,Chilisin official Next.js tree,官方网页抽取,2026-04-19 19:25,breadcrumb=EMC -> EMI Filters | partCount=111,,,,,,,,,,,,,,,,,,,,,,,,Chilisin official tree: EMC -> EMI Filters,chilisin_inductor_tree,,,,,,,,,,,
Chilisin,AFCL 100,EMI Filters,,,,,,,EMI Filters,Chilisin official tree,partCount=111,EMC -> EMI Filters,共模电感,SMT,,,共模电感 | EMI Filters | codes=23 | parts=111,Production,,,,https://www.chilisin.com/en-global/Inductor/index/power?pro_type=2,Chilisin official Next.js tree,官方网页抽取,2026-04-19 19:25,breadcrumb=EMC -> EMI Filters | partCount=111,,,,,,,,,,,,,,,,,,,,,,,,Chilisin official tree: EMC -> EMI Filters,chilisin_inductor_tree,,,,,,,,,,,
Chilisin,AFPI 160,EMI Filters,,,,,,,EMI Filters,Chilisin official tree,partCount=111,EMC -> EMI Filters,共模电感,SMT,,,共模电感 | EMI Filters | codes=23 | parts=111,Production,,,,https://www.chilisin.com/en-global/Inductor/index/power?pro_type=2,Chilisin official Next.js tree,官方网页抽取,2026-04-19 19:25,breadcrumb=EMC -> EMI Filters | partCount=111,,,,,,,,,,,,,,,,,,,,,,,,Chilisin official tree: EMC -> EMI Filters,chilisin_inductor_tree,,,,,,,,,,,
Chilisin,AKCL 100,EMI Filters,,,,,,,EMI Filters,Chilisin official tree,partCount=111,EMC -> EMI Filters,共模电感,SMT,,,共模电感 | EMI Filters | codes=23 | parts=111,Production,,,,https://www.chilisin.com/en-global/Inductor/index/power?pro_type=2,Chilisin official Next.js tree,官方网页抽取,2026-04-19 19:25,breadcrumb=EMC -> EMI Filters | partCount=111,,,,,,,,,,,,,,,,,,,,,,,,Chilisin official tree: EMC -> EMI Filters,chilisin_inductor_tree,,,,,,,,,,,
Chilisin,GTX4,EMI Filters,,,,,,,EMI Filters,Chilisin official tree,partCount=111,EMC -> EMI Filters,共模电感,SMT,,,共模电感 | EMI Filters | codes=23 | parts=111,Production,,,,https://www.chilisin.com/en-global/Inductor/index/power?pro_type=2,Chilisin official Next.js tree,官方网页抽取,2026-04-19 19:25,breadcrumb=EMC -> EMI Filters | partCount=111,,,,,,,,,,,,,,,,,,,,,,,,Chilisin official tree: EMC -> EMI Filters,chilisin_inductor_tree,,,,,,,,,,,
Chilisin,GTX,EMI Filters,,,,,,,EMI Filters,Chilisin official tree,partCount=111,EMC -> EMI Filters,共模电感,SMT,,,共模电感 | EMI Filters | codes=23 | parts=111,Production,,,,https://www.chilisin.com/en-global/Inductor/index/power?pro_type=2,Chilisin official Next.js tree,官方网页抽取,2026-04-19 19:25,breadcrumb=EMC -> EMI Filters | partCount=111,,,,,,,,,,,,,,,,,,,,,,,,Chilisin official tree: EMC -> EMI Filters,chilisin_inductor_tree,,,,,,,,,,,
Chilisin,FLLCC,EMI Filters,,,,,,,EMI Filters,Chilisin official tree,partCount=111,EMC -> EMI Filters,共模电感,SMT,,,共模电感 | EMI Filters | codes=23 | parts=111,Production,,,,https://www.chilisin.com/en-global/Inductor/index/power?pro_type=2,Chilisin official Next.js tree,官方网页抽取,2026-04-19 19:25,breadcrumb=EMC -> EMI Filters | partCount=111,,,,,,,,,,,,,,,,,,,,,,,,Chilisin official tree: EMC -> EMI Filters,chilisin_inductor_tree,,,,,,,,,,,
Chilisin,FLLE2-R,EMI Filters,,,,,,,EMI Filters,Chilisin official tree,partCount=111,EMC -> EMI Filters,共模电感,SMT,,,共模电感 | EMI Filters | codes=23 | parts=111,Production,,,,https://www.chilisin.com/en-global/Inductor/index/power?pro_type=2,Chilisin official Next.js tree,官方网页抽取,2026-04-19 19:25,breadcrumb=EMC -> EMI Filters | partCount=111,,,,,,,,,,,,,,,,,,,,,,,,Chilisin official tree: EMC -> EMI Filters,chilisin_inductor_tree,,,,,,,,,,,
Chilisin,FLLD4-TH,EMI Filters,,,,,,,EMI Filters,Chilisin official tree,partCount=111,EMC -> EMI Filters,共模电感,SMT,,,共模电感 | EMI Filters | codes=23 | parts=111,Production,,,,https://www.chilisin.com/en-global/Inductor/index/power?pro_type=2,Chilisin official Next.js tree,官方网页抽取,2026-04-19 19:25,breadcrumb=EMC -> EMI Filters | partCount=111,,,,,,,,,,,,,,,,,,,,,,,,Chilisin official tree: EMC -> EMI Filters,chilisin_inductor_tree,,,,,,,,,,,
Chilisin,FBN,EMI Filters,,,,,,,EMI Filters,Chilisin official tree,partCount=111,EMC -> EMI Filters,共模电感,SMT,,,共模电感 | EMI Filters | codes=23 | parts=111,Production,,,,https://www.chilisin.com/en-global/Inductor/index/power?pro_type=2,Chilisin official Next.js tree,官方网页抽取,2026-04-19 19:25,breadcrumb=EMC -> EMI Filters | partCount=111,,,,,,,,,,,,,,,,,,,,,,,,Chilisin official tree: EMC -> EMI Filters,chilisin_inductor_tree,,,,,,,,,,,
Chilisin,FLLDU,EMI Filters,,,,,,,EMI Filters,Chilisin official tree,partCount=111,EMC -> EMI Filters,共模电感,SMT,,,共模电感 | EMI Filters | codes=23 | parts=111,Production,,,,https://www.chilisin.com/en-global/Inductor/index/power?pro_type=2,Chilisin official Next.js tree,官方网页抽取,2026-04-19 19:25,breadcrumb=EMC -> EMI Filters | partCount=111,,,,,,,,,,,,,,,,,,,,,,,,Chilisin official tree: EMC -> EMI Filters,chilisin_inductor_tree,,,,,,,,,,,
Chilisin,AFPI 100,EMI Filters,,,,,,,EMI Filters,Chilisin official tree,partCount=111,EMC -> EMI Filters,共模电感,SMT,,,共模电感 | EMI Filters | codes=23 | parts=111,Production,,,,https://www.chilisin.com/en-global/Inductor/index/power?pro_type=2,Chilisin official Next.js tree,官方网页抽取,2026-04-19 19:25,breadcrumb=EMC -> EMI Filters | partCount=111,,,,,,,,,,,,,,,,,,,,,,,,Chilisin official tree: EMC -> EMI Filters,chilisin_inductor_tree,,,,,,,,,,,
Chilisin,FLH,EMI Filters,,,,,,,EMI Filters,Chilisin official tree,partCount=111,EMC -> EMI Filters,共模电感,SMT,,,共模电感 | EMI Filters | codes=23 | parts=111,Production,,,,https://www.chilisin.com/en-global/Inductor/index/power?pro_type=2,Chilisin official Next.js tree,官方网页抽取,2026-04-19 19:25,breadcrumb=EMC -> EMI Filters | partCount=111,,,,,,,,,,,,,,,,,,,,,,,,Chilisin official tree: EMC -> EMI Filters,chilisin_inductor_tree,,,,,,,,,,,
Chilisin,AFPI 190,EMI Filters,,,,,,,EMI Filters,Chilisin official tree,partCount=111,EMC -> EMI Filters,共模电感,SMT,,,共模电感 | EMI Filters | codes=23 | parts=111,Production,,,,https://www.chilisin.com/en-global/Inductor/index/power?pro_type=2,Chilisin official Next.js tree,官方网页抽取,2026-04-19 19:25,breadcrumb=EMC -> EMI Filters | partCount=111,,,,,,,,,,,,,,,,,,,,,,,,Chilisin official tree: EMC -> EMI Filters,chilisin_inductor_tree,,,,,,,,,,,
Chilisin,FLLDH,EMI Filters,,,,,,,EMI Filters,Chilisin official tree,partCount=111,EMC -> EMI Filters,共模电感,SMT,,,共模电感 | EMI Filters | codes=23 | parts=111,Production,,,,https://www.chilisin.com/en-global/Inductor/index/power?pro_type=2,Chilisin official Next.js tree,官方网页抽取,2026-04-19 19:25,breadcrumb=EMC -> EMI Filters | partCount=111,,,,,,,,,,,,,,,,,,,,,,,,Chilisin official tree: EMC -> EMI Filters,chilisin_inductor_tree,,,,,,,,,,,
Chilisin,GTX Three Phase,EMI Filters,,,,,,,EMI Filters,Chilisin official tree,partCount=111,EMC -> EMI Filters,共模电感,SMT,,,共模电感 | EMI Filters | codes=23 | parts=111,Production,,,,https://www.chilisin.com/en-global/Inductor/index/power?pro_type=2,Chilisin official Next.js tree,官方网页抽取,2026-04-19 19:25,breadcrumb=EMC -> EMI Filters | partCount=111,,,,,,,,,,,,,,,,,,,,,,,,Chilisin official tree: EMC -> EMI Filters,chilisin_inductor_tree,,,,,,,,,,,
Chilisin,FLLD3-MH,EMI Filters,,,,,,,EMI Filters,Chilisin official tree,partCount=111,EMC -> EMI Filters,共模电感,SMT,,,共模电感 | EMI Filters | codes=23 | parts=111,Production,,,,https://www.chilisin.com/en-global/Inductor/index/power?pro_type=2,Chilisin official Next.js tree,官方网页抽取,2026-04-19 19:25,breadcrumb=EMC -> EMI Filters | partCount=111,,,,,,,,,,,,,,,,,,,,,,,,Chilisin official tree: EMC -> EMI Filters,chilisin_inductor_tree,,,,,,,,,,,
Chilisin,FAI,EMI Filters,,,,,,,EMI Filters,Chilisin official tree,partCount=111,EMC -> EMI Filters,共模电感,SMT,,,共模电感 | EMI Filters | codes=23 | parts=111,Production,,,,https://www.chilisin.com/en-global/Inductor/index/power?pro_type=2,Chilisin official Next.js tree,官方网页抽取,2026-04-19 19:25,breadcrumb=EMC -> EMI Filters | partCount=111,,,,,,,,,,,,,,,,,,,,,,,,Chilisin official tree: EMC -> EMI Filters,chilisin_inductor_tree,,,,,,,,,,,
Chilisin,FNC,EMI Filters,,,,,,,EMI Filters,Chilisin official tree,partCount=111,EMC -> EMI Filters,共模电感,SMT,,,共模电感 | EMI Filters | codes=23 | parts=111,Production,,,,https://www.chilisin.com/en-global/Inductor/index/power?pro_type=2,Chilisin official Next.js tree,官方网页抽取,2026-04-19 19:25,breadcrumb=EMC -> EMI Filters | partCount=111,,,,,,,,,,,,,,,,,,,,,,,,Chilisin official tree: EMC -> EMI Filters,chilisin_inductor_tree,,,,,,,,,,,
Chilisin,FLLE2-PV,EMI Filters,,,,,,,EMI Filters,Chilisin official tree,partCount=111,EMC -> EMI Filters,共模电感,SMT,,,共模电感 | EMI Filters | codes=23 | parts=111,Production,,,,https://www.chilisin.com/en-global/Inductor/index/power?pro_type=2,Chilisin official Next.js tree,官方网页抽取,2026-04-19 19:25,breadcrumb=EMC -> EMI Filters | partCount=111,,,,,,,,,,,,,,,,,,,,,,,,Chilisin official tree: EMC -> EMI Filters,chilisin_inductor_tree,,,,,,,,,,,
Chilisin,AFCC 100,EMI Filters,,,,,,,EMI Filters,Chilisin official tree,partCount=111,EMC -> EMI Filters,共模电感,SMT,,,共模电感 | EMI Filters | codes=23 | parts=111,Production,,,,https://www.chilisin.com/en-global/Inductor/index/power?pro_type=2,Chilisin official Next.js tree,官方网页抽取,2026-04-19 19:25,breadcrumb=EMC -> EMI Filters | partCount=111,,,,,,,,,,,,,,,,,,,,,,,,Chilisin official tree: EMC -> EMI Filters,chilisin_inductor_tree,,,,,,,,,,,
Chilisin,ESD-SR,EMI Suppression,,,,,,,EMI Suppression,Chilisin official tree,partCount=996,EMC -> EMI Suppression,磁珠,SMT,,,磁珠 | EMI Suppression | codes=30 | parts=996,Production,,,,https://www.chilisin.com/en-global/Inductor/index/power?pro_type=2,Chilisin official Next.js tree,官方网页抽取,2026-04-19 19:25,breadcrumb=EMC -> EMI Suppression | partCount=996,,,,,,,,,,,,,,,,,,,,,,,,Chilisin official tree: EMC -> EMI Suppression,chilisin_inductor_tree,,,,,,,,,,,
Chilisin,FG1,EMI Suppression,,,,,,,EMI Suppression,Chilisin official tree,partCount=996,EMC -> EMI Suppression,磁珠,SMT,,,磁珠 | EMI Suppression | codes=30 | parts=996,Production,,,,https://www.chilisin.com/en-global/Inductor/index/power?pro_type=2,Chilisin official Next.js tree,官方网页抽取,2026-04-19 19:25,breadcrumb=EMC -> EMI Suppression | partCount=996,,,,,,,,,,,,,,,,,,,,,,,,Chilisin official tree: EMC -> EMI Suppression,chilisin_inductor_tree,,,,,,,,,,,
Chilisin,EFW,EMI Suppression,,,,,,,EMI Suppression,Chilisin official tree,partCount=996,EMC -> EMI Suppression,磁珠,SMT,,,磁珠 | EMI Suppression | codes=30 | parts=996,Production,,,,https://www.chilisin.com/en-global/Inductor/index/power?pro_type=2,Chilisin official Next.js tree,官方网页抽取,2026-04-19 19:25,breadcrumb=EMC -> EMI Suppression | partCount=996,,,,,,,,,,,,,,,,,,,,,,,,Chilisin official tree: EMC -> EMI Suppression,chilisin_inductor_tree,,,,,,,,,,,
Chilisin,ESTX,EMI Suppression,,,,,,,EMI Suppression,Chilisin official tree,partCount=996,EMC -> EMI Suppression,磁珠,SMT,,,磁珠 | EMI Suppression | codes=30 | parts=996,Production,,,,https://www.chilisin.com/en-global/Inductor/index/power?pro_type=2,Chilisin official Next.js tree,官方网页抽取,2026-04-19 19:25,breadcrumb=EMC -> EMI Suppression | partCount=996,,,,,,,,,,,,,,,,,,,,,,,,Chilisin official tree: EMC -> EMI Suppression,chilisin_inductor_tree,,,,,,,,,,,
Chilisin,ESD-FPL,EMI Suppression,,,,,,,EMI Suppression,Chilisin official tree,partCount=996,EMC -> EMI Suppression,磁珠,SMT,,,磁珠 | EMI Suppression | codes=30 | parts=996,Production,,,,https://www.chilisin.com/en-global/Inductor/index/power?pro_type=2,Chilisin official Next.js tree,官方网页抽取,2026-04-19 19:25,breadcrumb=EMC -> EMI Suppression | partCount=996,,,,,,,,,,,,,,,,,,,,,,,,Chilisin official tree: EMC -> EMI Suppression,chilisin_inductor_tree,,,,,,,,,,,
Chilisin,ESD-R-B,EMI Suppression,,,,,,,EMI Suppression,Chilisin official tree,partCount=996,EMC -> EMI Suppression,磁珠,SMT,,,磁珠 | EMI Suppression | codes=30 | parts=996,Production,,,,https://www.chilisin.com/en-global/Inductor/index/power?pro_type=2,Chilisin official Next.js tree,官方网页抽取,2026-04-19 19:25,breadcrumb=EMC -> EMI Suppression | partCount=996,,,,,,,,,,,,,,,,,,,,,,,,Chilisin official tree: EMC -> EMI Suppression,chilisin_inductor_tree,,,,,,,,,,,
Chilisin,ESD-R-SR,EMI Suppression,,,,,,,EMI Suppression,Chilisin official tree,partCount=996,EMC -> EMI Suppression,磁珠,SMT,,,磁珠 | EMI Suppression | codes=30 | parts=996,Production,,,,https://www.chilisin.com/en-global/Inductor/index/power?pro_type=2,Chilisin official Next.js tree,官方网页抽取,2026-04-19 19:25,breadcrumb=EMC -> EMI Suppression | partCount=996,,,,,,,,,,,,,,,,,,,,,,,,Chilisin official tree: EMC -> EMI Suppression,chilisin_inductor_tree,,,,,,,,,,,
Chilisin,EFS,EMI Suppression,,,,,,,EMI Suppression,Chilisin official tree,partCount=996,EMC -> EMI Suppression,磁珠,SMT,,,磁珠 | EMI Suppression | codes=30 | parts=996,Production,,,,https://www.chilisin.com/en-global/Inductor/index/power?pro_type=2,Chilisin official Next.js tree,官方网页抽取,2026-04-19 19:25,breadcrumb=EMC -> EMI Suppression | partCount=996,,,,,,,,,,,,,,,,,,,,,,,,Chilisin official tree: EMC -> EMI Suppression,chilisin_inductor_tree,,,,,,,,,,,
Chilisin,EFG2,EMI Suppression,,,,,,,EMI Suppression,Chilisin official tree,partCount=996,EMC -> EMI Suppression,磁珠,SMT,,,磁珠 | EMI Suppression | codes=30 | parts=996,Production,,,,https://www.chilisin.com/en-global/Inductor/index/power?pro_type=2,Chilisin official Next.js tree,官方网页抽取,2026-04-19 19:25,breadcrumb=EMC -> EMI Suppression | partCount=996,,,,,,,,,,,,,,,,,,,,,,,,Chilisin official tree: EMC -> EMI Suppression,chilisin_inductor_tree,,,,,,,,,,,
Chilisin,FS,EMI Suppression,,,,,,,EMI Suppression,Chilisin official tree,partCount=996,EMC -> EMI Suppression,磁珠,SMT,,,磁珠 | EMI Suppression | codes=30 | parts=996,Production,,,,https://www.chilisin.com/en-global/Inductor/index/power?pro_type=2,Chilisin official Next.js tree,官方网页抽取,2026-04-19 19:25,breadcrumb=EMC -> EMI Suppression | partCount=996,,,,,,,,,,,,,,,,,,,,,,,,Chilisin official tree: EMC -> EMI Suppression,chilisin_inductor_tree,,,,,,,,,,,
Chilisin,ESD-R-H,EMI Suppression,,,,,,,EMI Suppression,Chilisin official tree,partCount=996,EMC -> EMI Suppression,磁珠,SMT,,,磁珠 | EMI Suppression | codes=30 | parts=996,Production,,,,https://www.chilisin.com/en-global/Inductor/index/power?pro_type=2,Chilisin official Next.js tree,官方网页抽取,2026-04-19 19:25,breadcrumb=EMC -> EMI Suppression | partCount=996,,,,,,,,,,,,,,,,,,,,,,,,Chilisin official tree: EMC -> EMI Suppression,chilisin_inductor_tree,,,,,,,,,,,
Chilisin,EFF4,EMI Suppression,,,,,,,EMI Suppression,Chilisin official tree,partCount=996,EMC -> EMI Suppression,磁珠,SMT,,,磁珠 | EMI Suppression | codes=30 | parts=996,Production,,,,https://www.chilisin.com/en-global/Inductor/index/power?pro_type=2,Chilisin official Next.js tree,官方网页抽取,2026-04-19 19:25,breadcrumb=EMC -> EMI Suppression | partCount=996,,,,,,,,,,,,,,,,,,,,,,,,Chilisin official tree: EMC -> EMI Suppression,chilisin_inductor_tree,,,,,,,,,,,
Chilisin,EFG3,EMI Suppression,,,,,,,EMI Suppression,Chilisin official tree,partCount=996,EMC -> EMI Suppression,磁珠,SMT,,,磁珠 | EMI Suppression | codes=30 | parts=996,Production,,,,https://www.chilisin.com/en-global/Inductor/index/power?pro_type=2,Chilisin official Next.js tree,官方网页抽取,2026-04-19 19:25,breadcrumb=EMC -> EMI Suppression | partCount=996,,,,,,,,,,,,,,,,,,,,,,,,Chilisin official tree: EMC -> EMI Suppression,chilisin_inductor_tree,,,,,,,,,,,
Chilisin,FF1,EMI Suppression,,,,,,,EMI Suppression,Chilisin official tree,partCount=996,EMC -> EMI Suppression,磁珠,SMT,,,磁珠 | EMI Suppression | codes=30 | parts=996,Production,,,,https://www.chilisin.com/en-global/Inductor/index/power?pro_type=2,Chilisin official Next.js tree,官方网页抽取,2026-04-19 19:25,breadcrumb=EMC -> EMI Suppression | partCount=996,,,,,,,,,,,,,,,,,,,,,,,,Chilisin official tree: EMC -> EMI Suppression,chilisin_inductor_tree,,,,,,,,,,,
Chilisin,M4,EMI Suppression,,,,,,,EMI Suppression,Chilisin official tree,partCount=996,EMC -> EMI Suppression,磁珠,SMT,,,磁珠 | EMI Suppression | codes=30 | parts=996,Production,,,,https://www.chilisin.com/en-global/Inductor/index/power?pro_type=2,Chilisin official Next.js tree,官方网页抽取,2026-04-19 19:25,breadcrumb=EMC -> EMI Suppression | partCount=996,,,,,,,,,,,,,,,,,,,,,,,,Chilisin official tree: EMC -> EMI Suppression,chilisin_inductor_tree,,,,,,,,,,,
Chilisin,EFA,EMI Suppression,,,,,,,EMI Suppression,Chilisin official tree,partCount=996,EMC -> EMI Suppression,磁珠,SMT,,,磁珠 | EMI Suppression | codes=30 | parts=996,Production,,,,https://www.chilisin.com/en-global/Inductor/index/power?pro_type=2,Chilisin official Next.js tree,官方网页抽取,2026-04-19 19:25,breadcrumb=EMC -> EMI Suppression | partCount=996,,,,,,,,,,,,,,,,,,,,,,,,Chilisin official tree: EMC -> EMI Suppression,chilisin_inductor_tree,,,,,,,,,,,
Chilisin,FX5,EMI Suppression,,,,,,,EMI Suppression,Chilisin official tree,partCount=996,EMC -> EMI Suppression,磁珠,SMT,,,磁珠 | EMI Suppression | codes=30 | parts=996,Production,,,,https://www.chilisin.com/en-global/Inductor/index/power?pro_type=2,Chilisin official Next.js tree,官方网页抽取,2026-04-19 19:25,breadcrumb=EMC -> EMI Suppression | partCount=996,,,,,,,,,,,,,,,,,,,,,,,,Chilisin official tree: EMC -> EMI Suppression,chilisin_inductor_tree,,,,,,,,,,,
Chilisin,ESD-FPD-1,EMI Suppression,,,,,,,EMI Suppression,Chilisin official tree,partCount=996,EMC -> EMI Suppression,磁珠,SMT,,,磁珠 | EMI Suppression | codes=30 | parts=996,Production,,,,https://www.chilisin.com/en-global/Inductor/index/power?pro_type=2,Chilisin official Next.js tree,官方网页抽取,2026-04-19 19:25,breadcrumb=EMC -> EMI Suppression | partCount=996,,,,,,,,,,,,,,,,,,,,,,,,Chilisin official tree: EMC -> EMI Suppression,chilisin_inductor_tree,,,,,,,,,,,
Chilisin,ESD-R,EMI Suppression,,,,,,,EMI Suppression,Chilisin official tree,partCount=996,EMC -> EMI Suppression,磁珠,SMT,,,磁珠 | EMI Suppression | codes=30 | parts=996,Production,,,,https://www.chilisin.com/en-global/Inductor/index/power?pro_type=2,Chilisin official Next.js tree,官方网页抽取,2026-04-19 19:25,breadcrumb=EMC -> EMI Suppression | partCount=996,,,,,,,,,,,,,,,,,,,,,,,,Chilisin official tree: EMC -> EMI Suppression,chilisin_inductor_tree,,,,,,,,,,,
Chilisin,ESTV,EMI Suppression,,,,,,,EMI Suppression,Chilisin official tree,partCount=996,EMC -> EMI Suppression,磁珠,SMT,,,磁珠 | EMI Suppression | codes=30 | parts=996,Production,,,,https://www.chilisin.com/en-global/Inductor/index/power?pro_type=2,Chilisin official Next.js tree,官方网页抽取,2026-04-19 19:25,breadcrumb=EMC -> EMI Suppression | partCount=996,,,,,,,,,,,,,,,,,,,,,,,,Chilisin official tree: EMC -> EMI Suppression,chilisin_inductor_tree,,,,,,,,,,,
Chilisin,EFX6,EMI Suppression,,,,,,,EMI Suppression,Chilisin official tree,partCount=996,EMC -> EMI Suppression,磁珠,SMT,,,磁珠 | EMI Suppression | codes=30 | parts=996,Production,,,,https://www.chilisin.com/en-global/Inductor/index/power?pro_type=2,Chilisin official Next.js tree,官方网页抽取,2026-04-19 19:25,breadcrumb=EMC -> EMI Suppression | partCount=996,,,,,,,,,,,,,,,,,,,,,,,,Chilisin official tree: EMC -> EMI Suppression,chilisin_inductor_tree,,,,,,,,,,,
Chilisin,ESD-SR-XVE,EMI Suppression,,,,,,,EMI Suppression,Chilisin official tree,partCount=996,EMC -> EMI Suppression,磁珠,SMT,,,磁珠 | EMI Suppression | codes=30 | parts=996,Production,,,,https://www.chilisin.com/en-global/Inductor/index/power?pro_type=2,Chilisin official Next.js tree,官方网页抽取,2026-04-19 19:25,breadcrumb=EMC -> EMI Suppression | partCount=996,,,,,,,,,,,,,,,,,,,,,,,,Chilisin official tree: EMC -> EMI Suppression,chilisin_inductor_tree,,,,,,,,,,,
Chilisin,B-20,EMI Suppression,,,,,,,EMI Suppression,Chilisin official tree,partCount=996,EMC -> EMI Suppression,磁珠,SMT,,,磁珠 | EMI Suppression | codes=30 | parts=996,Production,,,,https://www.chilisin.com/en-global/Inductor/index/power?pro_type=2,Chilisin official Next.js tree,官方网页抽取,2026-04-19 19:25,breadcrumb=EMC -> EMI Suppression | partCount=996,,,,,,,,,,,,,,,,,,,,,,,,Chilisin official tree: EMC -> EMI Suppression,chilisin_inductor_tree,,,,,,,,,,,
Chilisin,ESD-FPD,EMI Suppression,,,,,,,EMI Suppression,Chilisin official tree,partCount=996,EMC -> EMI Suppression,磁珠,SMT,,,磁珠 | EMI Suppression | codes=30 | parts=996,Production,,,,https://www.chilisin.com/en-global/Inductor/index/power?pro_type=2,Chilisin official Next.js tree,官方网页抽取,2026-04-19 19:25,breadcrumb=EMC -> EMI Suppression | partCount=996,,,,,,,,,,,,,,,,,,,,,,,,Chilisin official tree: EMC -> EMI Suppression,chilisin_inductor_tree,,,,,,,,,,,
Chilisin,FG2,EMI Suppression,,,,,,,EMI Suppression,Chilisin official tree,partCount=996,EMC -> EMI Suppression,磁珠,SMT,,,磁珠 | EMI Suppression | codes=30 | parts=996,Production,,,,https://www.chilisin.com/en-global/Inductor/index/power?pro_type=2,Chilisin official Next.js tree,官方网页抽取,2026-04-19 19:25,breadcrumb=EMC -> EMI Suppression | partCount=996,,,,,,,,,,,,,,,,,,,,,,,,Chilisin official tree: EMC -> EMI Suppression,chilisin_inductor_tree,,,,,,,,,,,
Chilisin,ESD-SR-HL,EMI Suppression,,,,,,,EMI Suppression,Chilisin official tree,partCount=996,EMC -> EMI Suppression,磁珠,SMT,,,磁珠 | EMI Suppression | codes=30 | parts=996,Production,,,,https://www.chilisin.com/en-global/Inductor/index/power?pro_type=2,Chilisin official Next.js tree,官方网页抽取,2026-04-19 19:25,breadcrumb=EMC -> EMI Suppression | partCount=996,,,,,,,,,,,,,,,,,,,,,,,,Chilisin official tree: EMC -> EMI Suppression,chilisin_inductor_tree,,,,,,,,,,,
Chilisin,ESD-SR-H,EMI Suppression,,,,,,,EMI Suppression,Chilisin official tree,partCount=996,EMC -> EMI Suppression,磁珠,SMT,,,磁珠 | EMI Suppression | codes=30 | parts=996,Production,,,,https://www.chilisin.com/en-global/Inductor/index/power?pro_type=2,Chilisin official Next.js tree,官方网页抽取,2026-04-19 19:25,breadcrumb=EMC -> EMI Suppression | partCount=996,,,,,,,,,,,,,,,,,,,,,,,,Chilisin official tree: EMC -> EMI Suppression,chilisin_inductor_tree,,,,,,,,,,,
Chilisin,RM4A,EMI Suppression,,,,,,,EMI Suppression,Chilisin official tree,partCount=996,EMC -> EMI Suppression,磁珠,SMT,,,磁珠 | EMI Suppression | codes=30 | parts=996,Production,,,,https://www.chilisin.com/en-global/Inductor/index/power?pro_type=2,Chilisin official Next.js tree,官方网页抽取,2026-04-19 19:25,breadcrumb=EMC -> EMI Suppression | partCount=996,,,,,,,,,,,,,,,,,,,,,,,,Chilisin official tree: EMC -> EMI Suppression,chilisin_inductor_tree,,,,,,,,,,,
Chilisin,ESD-R-NC,EMI Suppression,,,,,,,EMI Suppression,Chilisin official tree,partCount=996,EMC -> EMI Suppression,磁珠,SMT,,,磁珠 | EMI Suppression | codes=30 | parts=996,Production,,,,https://www.chilisin.com/en-global/Inductor/index/power?pro_type=2,Chilisin official Next.js tree,官方网页抽取,2026-04-19 19:25,breadcrumb=EMC -> EMI Suppression | partCount=996,,,,,,,,,,,,,,,,,,,,,,,,Chilisin official tree: EMC -> EMI Suppression,chilisin_inductor_tree,,,,,,,,,,,
Chilisin,FW5,EMI Suppression,,,,,,,EMI Suppression,Chilisin official tree,partCount=996,EMC -> EMI Suppression,磁珠,SMT,,,磁珠 | EMI Suppression | codes=30 | parts=996,Production,,,,https://www.chilisin.com/en-global/Inductor/index/power?pro_type=2,Chilisin official Next.js tree,官方网页抽取,2026-04-19 19:25,breadcrumb=EMC -> EMI Suppression | partCount=996,,,,,,,,,,,,,,,,,,,,,,,,Chilisin official tree: EMC -> EMI Suppression,chilisin_inductor_tree,,,,,,,,,,,
Chilisin,MPCV,Metal Composite,,Metal Composite,,,,,Metal Composite,Chilisin official tree,partCount=4280,Inductors -> Power -> SMD Molded -> Metal Composite,功率电感,SMT,,,功率电感 | Metal Composite | codes=8 | parts=4280,Production,,,,https://www.chilisin.com/en-global/Inductor/index/power?pro_type=2,Chilisin official Next.js tree,官方网页抽取,2026-04-19 19:25,breadcrumb=Inductors -> Power -> SMD Molded -> Metal Composite | partCount=4280,,,,,,,,,,,,,,,,,,,,,,,,Chilisin official tree: Inductors -> Power -> SMD Molded -> Metal Composite,chilisin_inductor_tree,,,,,,,,,,,
Chilisin,MPXV,Metal Composite,,Metal Composite,,,,,Metal Composite,Chilisin official tree,partCount=4280,Inductors -> Power -> SMD Molded -> Metal Composite,功率电感,SMT,,,功率电感 | Metal Composite | codes=8 | parts=4280,Production,,,,https://www.chilisin.com/en-global/Inductor/index/power?pro_type=2,Chilisin official Next.js tree,官方网页抽取,2026-04-19 19:25,breadcrumb=Inductors -> Power -> SMD Molded -> Metal Composite | partCount=4280,,,,,,,,,,,,,,,,,,,,,,,,Chilisin official tree: Inductors -> Power -> SMD Molded -> Metal Composite,chilisin_inductor_tree,,,,,,,,,,,
Chilisin,MPEV,Metal Composite,,Metal Composite,,,,,Metal Composite,Chilisin official tree,partCount=4280,Inductors -> Power -> SMD Molded -> Metal Composite,功率电感,SMT,,,功率电感 | Metal Composite | codes=8 | parts=4280,Production,,,,https://www.chilisin.com/en-global/Inductor/index/power?pro_type=2,Chilisin official Next.js tree,官方网页抽取,2026-04-19 19:25,breadcrumb=Inductors -> Power -> SMD Molded -> Metal Composite | partCount=4280,,,,,,,,,,,,,,,,,,,,,,,,Chilisin official tree: Inductors -> Power -> SMD Molded -> Metal Composite,chilisin_inductor_tree,,,,,,,,,,,
Chilisin,MPX,Metal Composite,,Metal Composite,,,,,Metal Composite,Chilisin official tree,partCount=4280,Inductors -> Power -> SMD Molded -> Metal Composite,功率电感,SMT,,,功率电感 | Metal Composite | codes=8 | parts=4280,Production,,,,https://www.chilisin.com/en-global/Inductor/index/power?pro_type=2,Chilisin official Next.js tree,官方网页抽取,2026-04-19 19:25,breadcrumb=Inductors -> Power -> SMD Molded -> Metal Composite | partCount=4280,,,,,,,,,,,,,,,,,,,,,,,,Chilisin official tree: Inductors -> Power -> SMD Molded -> Metal Composite,chilisin_inductor_tree,,,,,,,,,,,
Chilisin,MPLCG,Metal Composite,,Metal Composite,,,,,Metal Composite,Chilisin official tree,partCount=4280,Inductors -> Power -> SMD Molded -> Metal Composite,功率电感,SMT,,,功率电感 | Metal Composite | codes=8 | parts=4280,Production,,,,https://www.chilisin.com/en-global/Inductor/index/power?pro_type=2,Chilisin official Next.js tree,官方网页抽取,2026-04-19 19:25,breadcrumb=Inductors -> Power -> SMD Molded -> Metal Composite | partCount=4280,,,,,,,,,,,,,,,,,,,,,,,,Chilisin official tree: Inductors -> Power -> SMD Molded -> Metal Composite,chilisin_inductor_tree,,,,,,,,,,,
Chilisin,MPCH,Metal Composite,,Metal Composite,,,,,Metal Composite,Chilisin official tree,partCount=4280,Inductors -> Power -> SMD Molded -> Metal Composite,功率电感,SMT,,,功率电感 | Metal Composite | codes=8 | parts=4280,Production,,,,https://www.chilisin.com/en-global/Inductor/index/power?pro_type=2,Chilisin official Next.js tree,官方网页抽取,2026-04-19 19:25,breadcrumb=Inductors -> Power -> SMD Molded -> Metal Composite | partCount=4280,,,,,,,,,,,,,,,,,,,,,,,,Chilisin official tree: Inductors -> Power -> SMD Molded -> Metal Composite,chilisin_inductor_tree,,,,,,,,,,,
Chilisin,MPGV,Metal Composite,,Metal Composite,,,,,Metal Composite,Chilisin official tree,partCount=4280,Inductors -> Power -> SMD Molded -> Metal Composite,功率电感,SMT,,,功率电感 | Metal Composite | codes=8 | parts=4280,Production,,,,https://www.chilisin.com/en-global/Inductor/index/power?pro_type=2,Chilisin official Next.js tree,官方网页抽取,2026-04-19 19:25,breadcrumb=Inductors -> Power -> SMD Molded -> Metal Composite | partCount=4280,,,,,,,,,,,,,,,,,,,,,,,,Chilisin official tree: Inductors -> Power -> SMD Molded -> Metal Composite,chilisin_inductor_tree,,,,,,,,,,,
Chilisin,MPLCV,Metal Composite,,Metal Composite,,,,,Metal Composite,Chilisin official tree,partCount=4280,Inductors -> Power -> SMD Molded -> Metal Composite,功率电感,SMT,,,功率电感 | Metal Composite | codes=8 | parts=4280,Production,,,,https://www.chilisin.com/en-global/Inductor/index/power?pro_type=2,Chilisin official Next.js tree,官方网页抽取,2026-04-19 19:25,breadcrumb=Inductors -> Power -> SMD Molded -> Metal Composite | partCount=4280,,,,,,,,,,,,,,,,,,,,,,,,Chilisin official tree: Inductors -> Power -> SMD Molded -> Metal Composite,chilisin_inductor_tree,,,,,,,,,,,
Chilisin,TPI,Ferrite,,Ferrite,,,,,Ferrite,Chilisin official tree,partCount=591,Inductors -> Power -> SMD Power Bead -> Ferrite,磁珠,SMT,,,磁珠 | Ferrite | codes=1 | parts=591,Production,,,,https://www.chilisin.com/en-global/Inductor/index/power?pro_type=2,Chilisin official Next.js tree,官方网页抽取,2026-04-19 19:25,breadcrumb=Inductors -> Power -> SMD Power Bead -> Ferrite | partCount=591,,,,,,,,,,,,,,,,,,,,,,,,Chilisin official tree: Inductors -> Power -> SMD Power Bead -> Ferrite,chilisin_inductor_tree,,,,,,,,,,,
Chilisin,SBC3,Ferrite,,Ferrite,,,,,Ferrite,Chilisin official tree,partCount=305,Inductors -> Power -> Through-Hole Drum -> Ferrite,功率电感,THT,,,功率电感 | Ferrite | codes=13 | parts=305,Production,,,,https://www.chilisin.com/en-global/Inductor/index/power?pro_type=2,Chilisin official Next.js tree,官方网页抽取,2026-04-19 19:25,breadcrumb=Inductors -> Power -> Through-Hole Drum -> Ferrite | partCount=305,,,,,,,,,,,,,,,,,,,,,,,,Chilisin official tree: Inductors -> Power -> Through-Hole Drum -> Ferrite,chilisin_inductor_tree,,,,,,,,,,,
Chilisin,SBCP-47HY,Ferrite,,Ferrite,,,,,Ferrite,Chilisin official tree,partCount=305,Inductors -> Power -> Through-Hole Drum -> Ferrite,功率电感,THT,,,功率电感 | Ferrite | codes=13 | parts=305,Production,,,,https://www.chilisin.com/en-global/Inductor/index/power?pro_type=2,Chilisin official Next.js tree,官方网页抽取,2026-04-19 19:25,breadcrumb=Inductors -> Power -> Through-Hole Drum -> Ferrite | partCount=305,,,,,,,,,,,,,,,,,,,,,,,,Chilisin official tree: Inductors -> Power -> Through-Hole Drum -> Ferrite,chilisin_inductor_tree,,,,,,,,,,,
Chilisin,SBC1,Ferrite,,Ferrite,,,,,Ferrite,Chilisin official tree,partCount=305,Inductors -> Power -> Through-Hole Drum -> Ferrite,功率电感,THT,,,功率电感 | Ferrite | codes=13 | parts=305,Production,,,,https://www.chilisin.com/en-global/Inductor/index/power?pro_type=2,Chilisin official Next.js tree,官方网页抽取,2026-04-19 19:25,breadcrumb=Inductors -> Power -> Through-Hole Drum -> Ferrite | partCount=305,,,,,,,,,,,,,,,,,,,,,,,,Chilisin official tree: Inductors -> Power -> Through-Hole Drum -> Ferrite,chilisin_inductor_tree,,,,,,,,,,,
Chilisin,SBCP-80HY,Ferrite,,Ferrite,,,,,Ferrite,Chilisin official tree,partCount=305,Inductors -> Power -> Through-Hole Drum -> Ferrite,功率电感,THT,,,功率电感 | Ferrite | codes=13 | parts=305,Production,,,,https://www.chilisin.com/en-global/Inductor/index/power?pro_type=2,Chilisin official Next.js tree,官方网页抽取,2026-04-19 19:25,breadcrumb=Inductors -> Power -> Through-Hole Drum -> Ferrite | partCount=305,,,,,,,,,,,,,,,,,,,,,,,,Chilisin official tree: Inductors -> Power -> Through-Hole Drum -> Ferrite,chilisin_inductor_tree,,,,,,,,,,,
Chilisin,SBC6,Ferrite,,Ferrite,,,,,Ferrite,Chilisin official tree,partCount=305,Inductors -> Power -> Through-Hole Drum -> Ferrite,功率电感,THT,,,功率电感 | Ferrite | codes=13 | parts=305,Production,,,,https://www.chilisin.com/en-global/Inductor/index/power?pro_type=2,Chilisin official Next.js tree,官方网页抽取,2026-04-19 19:25,breadcrumb=Inductors -> Power -> Through-Hole Drum -> Ferrite | partCount=305,,,,,,,,,,,,,,,,,,,,,,,,Chilisin official tree: Inductors -> Power -> Through-Hole Drum -> Ferrite,chilisin_inductor_tree,,,,,,,,,,,
Chilisin,SBC2,Ferrite,,Ferrite,,,,,Ferrite,Chilisin official tree,partCount=305,Inductors -> Power -> Through-Hole Drum -> Ferrite,功率电感,THT,,,功率电感 | Ferrite | codes=13 | parts=305,Production,,,,https://www.chilisin.com/en-global/Inductor/index/power?pro_type=2,Chilisin official Next.js tree,官方网页抽取,2026-04-19 19:25,breadcrumb=Inductors -> Power -> Through-Hole Drum -> Ferrite | partCount=305,,,,,,,,,,,,,,,,,,,,,,,,Chilisin official tree: Inductors -> Power -> Through-Hole Drum -> Ferrite,chilisin_inductor_tree,,,,,,,,,,,
Chilisin,SBCP-11HY,Ferrite,,Ferrite,,,,,Ferrite,Chilisin official tree,partCount=305,Inductors -> Power -> Through-Hole Drum -> Ferrite,功率电感,THT,,,功率电感 | Ferrite | codes=13 | parts=305,Production,,,,https://www.chilisin.com/en-global/Inductor/index/power?pro_type=2,Chilisin official Next.js tree,官方网页抽取,2026-04-19 19:25,breadcrumb=Inductors -> Power -> Through-Hole Drum -> Ferrite | partCount=305,,,,,,,,,,,,,,,,,,,,,,,,Chilisin official tree: Inductors -> Power -> Through-Hole Drum -> Ferrite,chilisin_inductor_tree,,,,,,,,,,,
Chilisin,SBCP-14HY,Ferrite,,Ferrite,,,,,Ferrite,Chilisin official tree,partCount=305,Inductors -> Power -> Through-Hole Drum -> Ferrite,功率电感,THT,,,功率电感 | Ferrite | codes=13 | parts=305,Production,,,,https://www.chilisin.com/en-global/Inductor/index/power?pro_type=2,Chilisin official Next.js tree,官方网页抽取,2026-04-19 19:25,breadcrumb=Inductors -> Power -> Through-Hole Drum -> Ferrite | partCount=305,,,,,,,,,,,,,,,,,,,,,,,,Chilisin official tree: Inductors -> Power -> Through-Hole Drum -> Ferrite,chilisin_inductor_tree,,,,,,,,,,,
Chilisin,SBC8,Ferrite,,Ferrite,,,,,Ferrite,Chilisin official tree,partCount=305,Inductors -> Power -> Through-Hole Drum -> Ferrite,功率电感,THT,,,功率电感 | Ferrite | codes=13 | parts=305,Production,,,,https://www.chilisin.com/en-global/Inductor/index/power?pro_type=2,Chilisin official Next.js tree,官方网页抽取,2026-04-19 19:25,breadcrumb=Inductors -> Power -> Through-Hole Drum -> Ferrite | partCount=305,,,,,,,,,,,,,,,,,,,,,,,,Chilisin official tree: Inductors -> Power -> Through-Hole Drum -> Ferrite,chilisin_inductor_tree,,,,,,,,,,,
Chilisin,SBC9,Ferrite,,Ferrite,,,,,Ferrite,Chilisin official tree,partCount=305,Inductors -> Power -> Through-Hole Drum -> Ferrite,功率电感,THT,,,功率电感 | Ferrite | codes=13 | parts=305,Production,,,,https://www.chilisin.com/en-global/Inductor/index/power?pro_type=2,Chilisin official Next.js tree,官方网页抽取,2026-04-19 19:25,breadcrumb=Inductors -> Power -> Through-Hole Drum -> Ferrite | partCount=305,,,,,,,,,,,,,,,,,,,,,,,,Chilisin official tree: Inductors -> Power -> Through-Hole Drum -> Ferrite,chilisin_inductor_tree,,,,,,,,,,,
Chilisin,SBC7,Ferrite,,Ferrite,,,,,Ferrite,Chilisin official tree,partCount=305,Inductors -> Power -> Through-Hole Drum -> Ferrite,功率电感,THT,,,功率电感 | Ferrite | codes=13 | parts=305,Production,,,,https://www.chilisin.com/en-global/Inductor/index/power?pro_type=2,Chilisin official Next.js tree,官方网页抽取,2026-04-19 19:25,breadcrumb=Inductors -> Power -> Through-Hole Drum -> Ferrite | partCount=305,,,,,,,,,,,,,,,,,,,,,,,,Chilisin official tree: Inductors -> Power -> Through-Hole Drum -> Ferrite,chilisin_inductor_tree,,,,,,,,,,,
Chilisin,SBC4,Ferrite,,Ferrite,,,,,Ferrite,Chilisin official tree,partCount=305,Inductors -> Power -> Through-Hole Drum -> Ferrite,功率电感,THT,,,功率电感 | Ferrite | codes=13 | parts=305,Production,,,,https://www.chilisin.com/en-global/Inductor/index/power?pro_type=2,Chilisin official Next.js tree,官方网页抽取,2026-04-19 19:25,breadcrumb=Inductors -> Power -> Through-Hole Drum -> Ferrite | partCount=305,,,,,,,,,,,,,,,,,,,,,,,,Chilisin official tree: Inductors -> Power -> Through-Hole Drum -> Ferrite,chilisin_inductor_tree,,,,,,,,,,,
Chilisin,SBCP-87HY,Ferrite,,Ferrite,,,,,Ferrite,Chilisin official tree,partCount=305,Inductors -> Power -> Through-Hole Drum -> Ferrite,功率电感,THT,,,功率电感 | Ferrite | codes=13 | parts=305,Production,,,,https://www.chilisin.com/en-global/Inductor/index/power?pro_type=2,Chilisin official Next.js tree,官方网页抽取,2026-04-19 19:25,breadcrumb=Inductors -> Power -> Through-Hole Drum -> Ferrite | partCount=305,,,,,,,,,,,,,,,,,,,,,,,,Chilisin official tree: Inductors -> Power -> Through-Hole Drum -> Ferrite,chilisin_inductor_tree,,,,,,,,,,,
