品牌,型号,系列,尺寸（inch）,材质（介质）,容值,容值单位,容值误差,耐压（V）,特殊用途,备注1,备注2,备注3,器件类型,安装方式,封装代码,尺寸（mm）,规格摘要,生产状态,长度（mm）,宽度（mm）,高度（mm）,工作温度,官网链接,数据来源,数据状态,校验时间,校验备注,额定电流,DCR,电感值,电感单位,电感误差,饱和电流,屏蔽类型,系列说明,_model_rule_authority
Vishay(威世),ICM2020-A,ICM2020-A,,,,,,,Automotive power inductor,PageGroup=Automotive,https://www.vishay.com/en/inductors/ihlp-power-inductors-automotive/,Vishay automotive power inductor series,功率电感,SMT,2020,,Irms=8.5A | Case=2020 | Temp=-55 to +125,Production,,,,-55 to +125,https://www.vishay.com/en/inductors/ihlp-power-inductors-automotive/,Vishay official parametric table,官方网页抽取,2026-04-19 02:46,Vishay Automotive parametric table,8.5,,,,,,,Vishay automotive power inductor series,vishay_ihlp_power_inductors_automotive
Vishay(威世),IFLN-1210BE-A,IFLN-1210BE-A,,,,,,,Automotive power inductor,PageGroup=Automotive,https://www.vishay.com/en/inductors/ihlp-power-inductors-automotive/,Vishay automotive power inductor series,功率电感,SMT,1210,,Irms=0.3A | Case=1210 | Temp=-55 to +150,Production,,,,-55 to +150,https://www.vishay.com/en/inductors/ihlp-power-inductors-automotive/,Vishay official parametric table,官方网页抽取,2026-04-19 02:46,Vishay Automotive parametric table,0.3,,,,,,,Vishay automotive power inductor series,vishay_ihlp_power_inductors_automotive
Vishay(威世),IFLN-1812CZ-A,IFLN-1812CZ-A,,,,,,,Automotive power inductor,PageGroup=Automotive,https://www.vishay.com/en/inductors/ihlp-power-inductors-automotive/,Vishay automotive power inductor series,功率电感,SMT,1812,,Irms=0.36A | Case=1812 | Temp=-55 to +150,Production,,,,-55 to +150,https://www.vishay.com/en/inductors/ihlp-power-inductors-automotive/,Vishay official parametric table,官方网页抽取,2026-04-19 02:46,Vishay Automotive parametric table,0.36,,,,,,,Vishay automotive power inductor series,vishay_ihlp_power_inductors_automotive
Vishay(威世),IHDM-1107BB-xA,IHDM-1107BB-xA,,,,,,,Automotive power inductor,PageGroup=Automotive,https://www.vishay.com/en/inductors/ihlp-power-inductors-automotive/,"Automotive, High Current, Through-Hole Inductor, Edge-Wound Series",功率电感,THT,1107,,L=0.47~12uH | Irms=128A | Isat=343A | Case=1107 | Temp=-40 to +180,Production,,,,-40 to +180,https://www.vishay.com/en/inductors/ihlp-power-inductors-automotive/,Vishay official parametric table,官方网页抽取,2026-04-19 02:46,Vishay Automotive parametric table,128,,0.47,uH,,343,,"Automotive, High Current, Through-Hole Inductor, Edge-Wound Series",vishay_ihlp_power_inductors_automotive
Vishay(威世),IHDV0808AC-3A,IHDV0808AC-3A,,,,,,,Automotive power inductor,PageGroup=Automotive,https://www.vishay.com/en/inductors/ihlp-power-inductors-automotive/,"Automotive Power Inductor, High Isolation Voltage 1.5 kV, SMD, High Temperature 180 °C",功率电感,SMT,0808,,L=1.9uH | Irms=30A | Isat=80A | Case=0808 | Temp=-40 to +180,Production,,,,-40 to +180,https://www.vishay.com/en/inductors/ihlp-power-inductors-automotive/,Vishay official parametric table,官方网页抽取,2026-04-19 02:46,Vishay Automotive parametric table,30,,1.9,uH,,80,,"Automotive Power Inductor, High Isolation Voltage 1.5 kV, SMD, High Temperature 180 °C",vishay_ihlp_power_inductors_automotive
Vishay(威世),IHDV1008BB-3A,IHDV1008BB-3A,,,,,,,Automotive power inductor,PageGroup=Automotive,https://www.vishay.com/en/inductors/ihlp-power-inductors-automotive/,"Automotive Power Inductor, High Isolation Voltage 1.5 kV, Through-Hole, High Temperature 180 °C",功率电感,THT,1008,,L=10uH | Irms=30A | Isat=53A | Case=1008 | Temp=-40 to +180,Production,,,,-40 to +180,https://www.vishay.com/en/inductors/ihlp-power-inductors-automotive/,Vishay official parametric table,官方网页抽取,2026-04-19 02:46,Vishay Automotive parametric table,30,,10,uH,,53,,"Automotive Power Inductor, High Isolation Voltage 1.5 kV, Through-Hole, High Temperature 180 °C",vishay_ihlp_power_inductors_automotive
Vishay(威世),IHLD2525GG-A1,IHLD2525GG-A1,,,,,,,Automotive power inductor,PageGroup=Automotive,https://www.vishay.com/en/inductors/ihlp-power-inductors-automotive/,"Automotive 2-in-1 Package, High Current, Dual Inductor, Linear Saturation Series for Reduced Signal Distortion",功率电感,SMT,2525,,L=3.3~15uH | Irms=6.5A | Isat=14A | Case=2525 | Temp=-55 to +125,Production,,,,-55 to +125,https://www.vishay.com/en/inductors/ihlp-power-inductors-automotive/,Vishay official parametric table,官方网页抽取,2026-04-19 02:46,Vishay Automotive parametric table,6.5,,3.3,uH,,14,,"Automotive 2-in-1 Package, High Current, Dual Inductor, Linear Saturation Series for Reduced Signal Distortion",vishay_ihlp_power_inductors_automotive
Vishay(威世),IHLE-2020CD-5A,IHLE-2020CD-5A,,,,,,,Automotive power inductor,PageGroup=Automotive,https://www.vishay.com/en/inductors/ihlp-power-inductors-automotive/,IHLE® High Current Inductor With E-Field Shield 5.7 x 5.4 x 3.4,功率电感,SMT,2020,5.7 x 5.4 x 3.4 mm,L=0.22~15uH | Irms=18A | Isat=8.6A | Case=2020 | 5.7 x 5.4 x 3.4 mm | Temp=-55 to +155,Production,5.7,5.4,3.4,-55 to +155,https://www.vishay.com/en/inductors/ihlp-power-inductors-automotive/,Vishay official parametric table,官方网页抽取,2026-04-19 02:46,Vishay Automotive parametric table,18,,0.22,uH,,8.6,Shielded,IHLE® High Current Inductor With E-Field Shield 5.7 x 5.4 x 3.4,vishay_ihlp_power_inductors_automotive
Vishay(威世),IHLE-2525CD-5A,IHLE-2525CD-5A,,,,,,,Automotive power inductor,PageGroup=Automotive,https://www.vishay.com/en/inductors/ihlp-power-inductors-automotive/,IHLE® High Current Inductors With E-Field Shield 7.2 x 6.7 x 3.4,功率电感,SMT,2525,7.2 x 6.7 x 3.4 mm,L=0.47~22uH | Irms=20A | Isat=17A | Case=2525 | 7.2 x 6.7 x 3.4 mm | Temp=-55 to +155,Production,7.2,6.7,3.4,-55 to +155,https://www.vishay.com/en/inductors/ihlp-power-inductors-automotive/,Vishay official parametric table,官方网页抽取,2026-04-19 02:46,Vishay Automotive parametric table,20,,0.47,uH,,17,Shielded,IHLE® High Current Inductors With E-Field Shield 7.2 x 6.7 x 3.4,vishay_ihlp_power_inductors_automotive
Vishay(威世),IHLE-3232DD-5A,IHLE-3232DD-5A,,,,,,,Automotive power inductor,PageGroup=Automotive,https://www.vishay.com/en/inductors/ihlp-power-inductors-automotive/,IHLE® High Current Inductors With E-Field Shield 8.0 x 8.0 x 4.4,功率电感,SMT,3232,8 x 8 x 4.4 mm,L=0.22~33uH | Irms=36A | Isat=32A | Case=3232 | 8 x 8 x 4.4 mm | Temp=-55 to +155,Production,8,8,4.4,-55 to +155,https://www.vishay.com/en/inductors/ihlp-power-inductors-automotive/,Vishay official parametric table,官方网页抽取,2026-04-19 02:46,Vishay Automotive parametric table,36,,0.22,uH,,32,Shielded,IHLE® High Current Inductors With E-Field Shield 8.0 x 8.0 x 4.4,vishay_ihlp_power_inductors_automotive
Vishay(威世),IHLE-4040DD-5A,IHLE-4040DD-5A,,,,,,,Automotive power inductor,PageGroup=Automotive,https://www.vishay.com/en/inductors/ihlp-power-inductors-automotive/,IHLE® High Current Inductors With E-Field Shield 11.5 x 10.3 x 4.4,功率电感,SMT,4040,11.5 x 10.3 x 4.4 mm,L=0.47~68uH | Irms=30A | Isat=28.5A | Case=4040 | 11.5 x 10.3 x 4.4 mm | Temp=-55 to +155,Production,11.5,10.3,4.4,-55 to +155,https://www.vishay.com/en/inductors/ihlp-power-inductors-automotive/,Vishay official parametric table,官方网页抽取,2026-04-19 02:46,Vishay Automotive parametric table,30,,0.47,uH,,28.5,Shielded,IHLE® High Current Inductors With E-Field Shield 11.5 x 10.3 x 4.4,vishay_ihlp_power_inductors_automotive
Vishay(威世),IHLE-4040DDEW-5A,IHLE-4040DDEW-5A,,,,,,,Automotive power inductor,PageGroup=Automotive,https://www.vishay.com/en/inductors/ihlp-power-inductors-automotive/,IHLE® High Current Inductors With E-Field Shield 11.5 x 10.3 x 4.4,功率电感,SMT,4040,11.5 x 10.3 x 4.4 mm,L=0.47~68uH | Irms=32A | Isat=28A | Case=4040 | 11.5 x 10.3 x 4.4 mm | Temp=-55 to +155,Production,11.5,10.3,4.4,-55 to +155,https://www.vishay.com/en/inductors/ihlp-power-inductors-automotive/,Vishay official parametric table,官方网页抽取,2026-04-19 02:46,Vishay Automotive parametric table,32,,0.47,uH,,28,Shielded,IHLE® High Current Inductors With E-Field Shield 11.5 x 10.3 x 4.4,vishay_ihlp_power_inductors_automotive
Vishay(威世),IHLE-5050FH-5A,IHLE-5050FH-5A,,,,,,,Automotive power inductor,PageGroup=Automotive,https://www.vishay.com/en/inductors/ihlp-power-inductors-automotive/,IHLE® High Current Inductors With E-Field Shield 13.6 x 12.9 x 6.8,功率电感,SMT,5050,13.6 x 12.9 x 6.8 mm,L=0.33~100uH | Irms=62A | Isat=44A | Case=5050 | 13.6 x 12.9 x 6.8 mm | Temp=-55 to +155,Production,13.6,12.9,6.8,-55 to +155,https://www.vishay.com/en/inductors/ihlp-power-inductors-automotive/,Vishay official parametric table,官方网页抽取,2026-04-19 02:46,Vishay Automotive parametric table,62,,0.33,uH,,44,Shielded,IHLE® High Current Inductors With E-Field Shield 13.6 x 12.9 x 6.8,vishay_ihlp_power_inductors_automotive
Vishay(威世),IHLL-0806AZ-1Z,IHLL-0806AZ-1Z,,,,,,,Commercial/Industrial power inductor,PageGroup=Commercial/Industrial,https://www.vishay.com/en/inductors/ihlp-power-inductors/,"Commercial Power Inductor, Low DCR",功率电感,SMT,0806,,L=0.24~4.7uH | Irms=6.3A | Isat=6.5A | Case=0806 | Temp=-55 to +125,Production,,,,-55 to +125,https://www.vishay.com/en/inductors/ihlp-power-inductors/,Vishay official parametric table,官方网页抽取,2026-04-19 02:46,Vishay Commercial/Industrial parametric table,6.3,,0.24,uH,,6.5,,"Commercial Power Inductor, Low DCR",vishay_ihlp_power_inductors
Vishay(威世),IHLL-1008AB-1Z,IHLL-1008AB-1Z,,,,,,,Commercial/Industrial power inductor,PageGroup=Commercial/Industrial,https://www.vishay.com/en/inductors/ihlp-power-inductors/,"Commercial Power Inductor, Low DCR 2.7 x 2.2 x 1.2",功率电感,SMT,1008,2.7 x 2.2 x 1.2 mm,L=0.33~4.7uH | Irms=6.1A | Isat=7.3A | Case=1008 | 2.7 x 2.2 x 1.2 mm | Temp=-55 to +125,Production,2.7,2.2,1.2,-55 to +125,https://www.vishay.com/en/inductors/ihlp-power-inductors/,Vishay official parametric table,官方网页抽取,2026-04-19 02:46,Vishay Commercial/Industrial parametric table,6.1,,0.33,uH,,7.3,,"Commercial Power Inductor, Low DCR 2.7 x 2.2 x 1.2",vishay_ihlp_power_inductors
Vishay(威世),IHLL1210AB-1Z,IHLL1210AB-1Z,,,,,,,Commercial/Industrial power inductor,PageGroup=Commercial/Industrial,https://www.vishay.com/en/inductors/ihlp-power-inductors/,"Commercial Power Inductor, Low DCR",功率电感,SMT,1210,,L=0.22~4.7uH | Irms=9.2A | Isat=9A | Case=1210 | Temp=-55 to +125,Production,,,,-55 to +125,https://www.vishay.com/en/inductors/ihlp-power-inductors/,Vishay official parametric table,官方网页抽取,2026-04-19 02:46,Vishay Commercial/Industrial parametric table,9.2,,0.22,uH,,9,,"Commercial Power Inductor, Low DCR",vishay_ihlp_power_inductors
Vishay(威世),IHLM-2525CZ-01,IHLM-2525CZ-01,,,,,,,Commercial/Industrial power inductor,PageGroup=Commercial/Industrial,https://www.vishay.com/en/inductors/ihlp-power-inductors/,"Low Profile, High Current Inductors - Special Molding 7.2 x 6.7 x 3.0",功率电感,SMT,2525,7.2 x 6.7 x 3.0 mm,L=0.1~10uH | Irms=32.5A | Isat=60A | Case=2525 | 7.2 x 6.7 x 3.0 mm | Temp=-55 to +125,Production,7.2,6.7,3.0,-55 to +125,https://www.vishay.com/en/inductors/ihlp-power-inductors/,Vishay official parametric table,官方网页抽取,2026-04-19 02:46,Vishay Commercial/Industrial parametric table,32.5,,0.1,uH,,60,,"Low Profile, High Current Inductors - Special Molding 7.2 x 6.7 x 3.0",vishay_ihlp_power_inductors
Vishay(威世),IHLM-2525CZ-06,IHLM-2525CZ-06,,,,,,,Commercial/Industrial power inductor,PageGroup=Commercial/Industrial,https://www.vishay.com/en/inductors/ihlp-power-inductors/,"Low Profile, Power Inductors - DC Resistance Tolerance 10 % - Special Molding 7.2 x 6.7 x 3.0",功率电感,SMT,2525,7.2 x 6.7 x 3.0 mm,L=0.1~10uH | Irms=32.5A | Isat=60A | Case=2525 | 7.2 x 6.7 x 3.0 mm | Temp=-55 to +125,Production,7.2,6.7,3.0,-55 to +125,https://www.vishay.com/en/inductors/ihlp-power-inductors/,Vishay official parametric table,官方网页抽取,2026-04-19 02:46,Vishay Commercial/Industrial parametric table,32.5,,0.1,uH,,60,,"Low Profile, Power Inductors - DC Resistance Tolerance 10 % - Special Molding 7.2 x 6.7 x 3.0",vishay_ihlp_power_inductors
Vishay(威世),IHLM-2525CZ-07,IHLM-2525CZ-07,,,,,,,Commercial/Industrial power inductor,PageGroup=Commercial/Industrial,https://www.vishay.com/en/inductors/ihlp-power-inductors/,"Low Profile, Power Inductors - DC Resistance Tolerance 5 % - Special Molding 7.2 x 6.7 x 3.0",功率电感,SMT,2525,7.2 x 6.7 x 3.0 mm,L=0.1~10uH | Irms=32.5A | Isat=60A | Case=2525 | 7.2 x 6.7 x 3.0 mm | Temp=-55 to +125,Production,7.2,6.7,3.0,-55 to +125,https://www.vishay.com/en/inductors/ihlp-power-inductors/,Vishay official parametric table,官方网页抽取,2026-04-19 02:46,Vishay Commercial/Industrial parametric table,32.5,,0.1,uH,,60,,"Low Profile, Power Inductors - DC Resistance Tolerance 5 % - Special Molding 7.2 x 6.7 x 3.0",vishay_ihlp_power_inductors
Vishay(威世),IHLM-2525CZ-A1,IHLM-2525CZ-A1,,,,,,,Automotive power inductor,PageGroup=Automotive,https://www.vishay.com/en/inductors/ihlp-power-inductors-automotive/,"Low Profile, High Current Inductors - Special Molding 7.2 x 6.7 x 3.0",功率电感,SMT,2525,7.2 x 6.7 x 3.0 mm,L=0.1~10uH | Irms=32.5A | Isat=60A | Case=2525 | 7.2 x 6.7 x 3.0 mm | Temp=-55 to +125,Production,7.2,6.7,3.0,-55 to +125,https://www.vishay.com/en/inductors/ihlp-power-inductors-automotive/,Vishay official parametric table,官方网页抽取,2026-04-19 02:46,Vishay Automotive parametric table,32.5,,0.1,uH,,60,,"Low Profile, High Current Inductors - Special Molding 7.2 x 6.7 x 3.0",vishay_ihlp_power_inductors_automotive
Vishay(威世),IHLP-0806AB-5A,IHLP-0806AB-5A,,,,,,,Automotive power inductor,PageGroup=Automotive,https://www.vishay.com/en/inductors/ihlp-power-inductors-automotive/,"IHLP® High Temperature (165 °C), Automotive Power Inductors 2.2 x 1.8 x 1.2",功率电感,SMT,0806,2.2 x 1.8 x 1.2 mm,L=0.22~0.47uH | Irms=5.8A | Isat=5.1A | Case=0806 | 2.2 x 1.8 x 1.2 mm | Temp=-55 to +165,Production,2.2,1.8,1.2,-55 to +165,https://www.vishay.com/en/inductors/ihlp-power-inductors-automotive/,Vishay official parametric table,官方网页抽取,2026-04-19 02:46,Vishay Automotive parametric table,5.8,,0.22,uH,,5.1,,"IHLP® High Temperature (165 °C), Automotive Power Inductors 2.2 x 1.8 x 1.2",vishay_ihlp_power_inductors_automotive
Vishay(威世),IHLP-1008ABEZ-5A,IHLP-1008ABEZ-5A,,,,,,,Automotive power inductor,PageGroup=Automotive,https://www.vishay.com/en/inductors/ihlp-power-inductors-automotive/,"IHLP® Automotive Inductors, High Temperature (165 °C) Series 2.7 x 2.2 x 1.2",功率电感,SMT,1008,2.7 x 2.2 x 1.2 mm,L=0.15~2.2uH | Irms=6.5A | Isat=8.5A | Case=1008 | 2.7 x 2.2 x 1.2 mm | Temp=-55 to +165,Production,2.7,2.2,1.2,-55 to +165,https://www.vishay.com/en/inductors/ihlp-power-inductors-automotive/,Vishay official parametric table,官方网页抽取,2026-04-19 02:46,Vishay Automotive parametric table,6.5,,0.15,uH,,8.5,,"IHLP® Automotive Inductors, High Temperature (165 °C) Series 2.7 x 2.2 x 1.2",vishay_ihlp_power_inductors_automotive
Vishay(威世),IHLP-1212AB-01,IHLP-1212AB-01,,,,,,,Commercial/Industrial power inductor,PageGroup=Commercial/Industrial,https://www.vishay.com/en/inductors/ihlp-power-inductors/,"IHLP® Commercial Inductors, High Saturation Series 3.6 x 3.2 x 1.2",功率电感,SMT,1212,3.6 x 3.2 x 1.2 mm,L=0.1~1.2uH | Irms=10.48A | Isat=18.92A | Case=1212 | 3.6 x 3.2 x 1.2 mm | Temp=-55 to +125,Production,3.6,3.2,1.2,-55 to +125,https://www.vishay.com/en/inductors/ihlp-power-inductors/,Vishay official parametric table,官方网页抽取,2026-04-19 02:46,Vishay Commercial/Industrial parametric table,10.48,,0.1,uH,,18.92,,"IHLP® Commercial Inductors, High Saturation Series 3.6 x 3.2 x 1.2",vishay_ihlp_power_inductors
Vishay(威世),IHLP-1212AB-5A,IHLP-1212AB-5A,,,,,,,Automotive power inductor,PageGroup=Automotive,https://www.vishay.com/en/inductors/ihlp-power-inductors-automotive/,"IHLP® Automotive Inductors, High Temperature (155 °C) Series 3.6 x 3.2 x 1.2",功率电感,SMT,1212,3.6 x 3.2 x 1.2 mm,L=0.1~1.2uH | Irms=11.5A | Isat=11.79A | Case=1212 | 3.6 x 3.2 x 1.2 mm | Temp=-55 to +155,Production,3.6,3.2,1.2,-55 to +155,https://www.vishay.com/en/inductors/ihlp-power-inductors-automotive/,Vishay official parametric table,官方网页抽取,2026-04-19 02:46,Vishay Automotive parametric table,11.5,,0.1,uH,,11.79,,"IHLP® Automotive Inductors, High Temperature (155 °C) Series 3.6 x 3.2 x 1.2",vishay_ihlp_power_inductors_automotive
Vishay(威世),IHLP-1212AB-A1,IHLP-1212AB-A1,,,,,,,Automotive power inductor,PageGroup=Automotive,https://www.vishay.com/en/inductors/ihlp-power-inductors-automotive/,"IHLP® Automotive Inductors, High Saturation Series 3.6 x 3.2 x 1.2",功率电感,SMT,1212,3.6 x 3.2 x 1.2 mm,L=0.1~1.2uH | Irms=10.48A | Isat=18.92A | Case=1212 | 3.6 x 3.2 x 1.2 mm | Temp=-55 to +125,Production,3.6,3.2,1.2,-55 to +125,https://www.vishay.com/en/inductors/ihlp-power-inductors-automotive/,Vishay official parametric table,官方网页抽取,2026-04-19 02:46,Vishay Automotive parametric table,10.48,,0.1,uH,,18.92,,"IHLP® Automotive Inductors, High Saturation Series 3.6 x 3.2 x 1.2",vishay_ihlp_power_inductors_automotive
Vishay(威世),IHLP-1212AZ-01,IHLP-1212AZ-01,,,,,,,Commercial/Industrial power inductor,PageGroup=Commercial/Industrial,https://www.vishay.com/en/inductors/ihlp-power-inductors/,"IHLP® Commercial Inductors, High Saturation Series 3.6 x 3.2 x 1.0",功率电感,SMT,1212,3.6 x 3.2 x 1.0 mm,L=0.1~1uH | Irms=10.5A | Isat=19.21A | Case=1212 | 3.6 x 3.2 x 1.0 mm | Temp=-55 to +125,Production,3.6,3.2,1.0,-55 to +125,https://www.vishay.com/en/inductors/ihlp-power-inductors/,Vishay official parametric table,官方网页抽取,2026-04-19 02:46,Vishay Commercial/Industrial parametric table,10.5,,0.1,uH,,19.21,,"IHLP® Commercial Inductors, High Saturation Series 3.6 x 3.2 x 1.0",vishay_ihlp_power_inductors
Vishay(威世),IHLP-1212AZ-5A,IHLP-1212AZ-5A,,,,,,,Automotive power inductor,PageGroup=Automotive,https://www.vishay.com/en/inductors/ihlp-power-inductors-automotive/,"IHLP® Automotive Inductors, High Temperature (155 °C) Series 3.6 x 3.2 x 1.0",功率电感,SMT,1212,3.6 x 3.2 x 1.0 mm,L=0.1~1uH | Irms=11.13A | Isat=7.38A | Case=1212 | 3.6 x 3.2 x 1.0 mm | Temp=-55 to +155,Production,3.6,3.2,1.0,-55 to +155,https://www.vishay.com/en/inductors/ihlp-power-inductors-automotive/,Vishay official parametric table,官方网页抽取,2026-04-19 02:46,Vishay Automotive parametric table,11.13,,0.1,uH,,7.38,,"IHLP® Automotive Inductors, High Temperature (155 °C) Series 3.6 x 3.2 x 1.0",vishay_ihlp_power_inductors_automotive
Vishay(威世),IHLP-1212AZ-A1,IHLP-1212AZ-A1,,,,,,,Automotive power inductor,PageGroup=Automotive,https://www.vishay.com/en/inductors/ihlp-power-inductors-automotive/,"IHLP® Automotive Inductors, High Saturation Series 3.6 x 3.2 x 1.0",功率电感,SMT,1212,3.6 x 3.2 x 1.0 mm,L=0.1~1uH | Irms=10.5A | Isat=19.21A | Case=1212 | 3.6 x 3.2 x 1.0 mm | Temp=-55 to +125,Production,3.6,3.2,1.0,-55 to +125,https://www.vishay.com/en/inductors/ihlp-power-inductors-automotive/,Vishay official parametric table,官方网页抽取,2026-04-19 02:46,Vishay Automotive parametric table,10.5,,0.1,uH,,19.21,,"IHLP® Automotive Inductors, High Saturation Series 3.6 x 3.2 x 1.0",vishay_ihlp_power_inductors_automotive
Vishay(威世),IHLP-1212BZ-01,IHLP-1212BZ-01,,,,,,,Commercial/Industrial power inductor,PageGroup=Commercial/Industrial,https://www.vishay.com/en/inductors/ihlp-power-inductors/,"IHLP® Commercial Inductors, High Saturation Series 3.6 x 3.2 x 2.0",功率电感,SMT,1212,3.6 x 3.2 x 2.0 mm,L=0.1~3.3uH | Irms=11.02A | Isat=20.58A | Case=1212 | 3.6 x 3.2 x 2.0 mm | Temp=-55 to +125,Production,3.6,3.2,2.0,-55 to +125,https://www.vishay.com/en/inductors/ihlp-power-inductors/,Vishay official parametric table,官方网页抽取,2026-04-19 02:46,Vishay Commercial/Industrial parametric table,11.02,,0.1,uH,,20.58,,"IHLP® Commercial Inductors, High Saturation Series 3.6 x 3.2 x 2.0",vishay_ihlp_power_inductors
Vishay(威世),IHLP-1212BZ-5A,IHLP-1212BZ-5A,,,,,,,Automotive power inductor,PageGroup=Automotive,https://www.vishay.com/en/inductors/ihlp-power-inductors-automotive/,"IHLP® Automotive Inductors, High Temperature (155 °C) Series 3.6 x 3.2 x 2.0",功率电感,SMT,1212,3.6 x 3.2 x 2.0 mm,L=0.1~3.3uH | Irms=12.26A | Isat=13.46A | Case=1212 | 3.6 x 3.2 x 2.0 mm | Temp=-55 to +155,Production,3.6,3.2,2.0,-55 to +155,https://www.vishay.com/en/inductors/ihlp-power-inductors-automotive/,Vishay official parametric table,官方网页抽取,2026-04-19 02:46,Vishay Automotive parametric table,12.26,,0.1,uH,,13.46,,"IHLP® Automotive Inductors, High Temperature (155 °C) Series 3.6 x 3.2 x 2.0",vishay_ihlp_power_inductors_automotive
Vishay(威世),IHLP-1212BZ-A1,IHLP-1212BZ-A1,,,,,,,Automotive power inductor,PageGroup=Automotive,https://www.vishay.com/en/inductors/ihlp-power-inductors-automotive/,"IHLP® Automotive Inductors, High Saturation Series 3.6 x 3.2 x 2.0",功率电感,SMT,1212,3.6 x 3.2 x 2.0 mm,L=0.1~3.3uH | Irms=11.02A | Isat=20.58A | Case=1212 | 3.6 x 3.2 x 2.0 mm | Temp=-55 to +125,Production,3.6,3.2,2.0,-55 to +125,https://www.vishay.com/en/inductors/ihlp-power-inductors-automotive/,Vishay official parametric table,官方网页抽取,2026-04-19 02:46,Vishay Automotive parametric table,11.02,,0.1,uH,,20.58,,"IHLP® Automotive Inductors, High Saturation Series 3.6 x 3.2 x 2.0",vishay_ihlp_power_inductors_automotive
Vishay(威世),IHLP-1616AB-01,IHLP-1616AB-01,,,,,,,Commercial/Industrial power inductor,PageGroup=Commercial/Industrial,https://www.vishay.com/en/inductors/ihlp-power-inductors/,"IHLP® Commercial Inductors, High Saturation Series 4.7 x 4.3 x 1.2",功率电感,SMT,1616,4.7 x 4.3 x 1.2 mm,L=0.047~1uH | Irms=13A | Isat=32A | Case=1616 | 4.7 x 4.3 x 1.2 mm | Temp=-55 to +125,Production,4.7,4.3,1.2,-55 to +125,https://www.vishay.com/en/inductors/ihlp-power-inductors/,Vishay official parametric table,官方网页抽取,2026-04-19 02:46,Vishay Commercial/Industrial parametric table,13,,0.047,uH,,32,,"IHLP® Commercial Inductors, High Saturation Series 4.7 x 4.3 x 1.2",vishay_ihlp_power_inductors
Vishay(威世),IHLP-1616AB-11,IHLP-1616AB-11,,,,,,,Commercial/Industrial power inductor,PageGroup=Commercial/Industrial,https://www.vishay.com/en/inductors/ihlp-power-inductors/,"IHLP® Commercial Inductors, Low DCR Series 4.7 x 4.3 x 1.2",功率电感,SMT,1616,4.7 x 4.3 x 1.2 mm,L=0.1~2.2uH | Irms=12A | Isat=12A | Case=1616 | 4.7 x 4.3 x 1.2 mm | Temp=-55 to +125,Production,4.7,4.3,1.2,-55 to +125,https://www.vishay.com/en/inductors/ihlp-power-inductors/,Vishay official parametric table,官方网页抽取,2026-04-19 02:46,Vishay Commercial/Industrial parametric table,12,,0.1,uH,,12,,"IHLP® Commercial Inductors, Low DCR Series 4.7 x 4.3 x 1.2",vishay_ihlp_power_inductors
Vishay(威世),IHLP-1616AB-1A,IHLP-1616AB-1A,,,,,,,Automotive power inductor,PageGroup=Automotive,https://www.vishay.com/en/inductors/ihlp-power-inductors-automotive/,"IHLP® Automotive Inductors, Low DCR Series 4.7 x 4.3 x 1.2",功率电感,SMT,1616,4.7 x 4.3 x 1.2 mm,L=0.1~2.2uH | Irms=12A | Isat=12A | Case=1616 | 4.7 x 4.3 x 1.2 mm | Temp=-55 to +125,Production,4.7,4.3,1.2,-55 to +125,https://www.vishay.com/en/inductors/ihlp-power-inductors-automotive/,Vishay official parametric table,官方网页抽取,2026-04-19 02:46,Vishay Automotive parametric table,12,,0.1,uH,,12,,"IHLP® Automotive Inductors, Low DCR Series 4.7 x 4.3 x 1.2",vishay_ihlp_power_inductors_automotive
Vishay(威世),IHLP-1616AB-A1,IHLP-1616AB-A1,,,,,,,Automotive power inductor,PageGroup=Automotive,https://www.vishay.com/en/inductors/ihlp-power-inductors-automotive/,"IHLP® Automotive Inductors, High Saturation Series 4.7 x 4.3 x 1.2",功率电感,SMT,1616,4.7 x 4.3 x 1.2 mm,L=0.047~1uH | Irms=13A | Isat=32A | Case=1616 | 4.7 x 4.3 x 1.2 mm | Temp=-55 to +125,Production,4.7,4.3,1.2,-55 to +125,https://www.vishay.com/en/inductors/ihlp-power-inductors-automotive/,Vishay official parametric table,官方网页抽取,2026-04-19 02:46,Vishay Automotive parametric table,13,,0.047,uH,,32,,"IHLP® Automotive Inductors, High Saturation Series 4.7 x 4.3 x 1.2",vishay_ihlp_power_inductors_automotive
Vishay(威世),IHLP-1616BZ-01,IHLP-1616BZ-01,,,,,,,Commercial/Industrial power inductor,PageGroup=Commercial/Industrial,https://www.vishay.com/en/inductors/ihlp-power-inductors/,"IHLP® Commercial Inductors, High Saturation Series 4.7 x 4.3 x 2.0",功率电感,SMT,1616,4.7 x 4.3 x 2.0 mm,L=0.1~2.2uH | Irms=16A | Isat=35A | Case=1616 | 4.7 x 4.3 x 2.0 mm | Temp=-55 to +125,Production,4.7,4.3,2.0,-55 to +125,https://www.vishay.com/en/inductors/ihlp-power-inductors/,Vishay official parametric table,官方网页抽取,2026-04-19 02:46,Vishay Commercial/Industrial parametric table,16,,0.1,uH,,35,,"IHLP® Commercial Inductors, High Saturation Series 4.7 x 4.3 x 2.0",vishay_ihlp_power_inductors
Vishay(威世),IHLP-1616BZ-11,IHLP-1616BZ-11,,,,,,,Commercial/Industrial power inductor,PageGroup=Commercial/Industrial,https://www.vishay.com/en/inductors/ihlp-power-inductors/,"IHLP® Commercial Inductors, Low DCR Series 4.7 x 4.3 x 2.0",功率电感,SMT,1616,4.7 x 4.3 x 2.0 mm,L=0.1~4.7uH | Irms=12A | Isat=12A | Case=1616 | 4.7 x 4.3 x 2.0 mm | Temp=-55 to +125,Production,4.7,4.3,2.0,-55 to +125,https://www.vishay.com/en/inductors/ihlp-power-inductors/,Vishay official parametric table,官方网页抽取,2026-04-19 02:46,Vishay Commercial/Industrial parametric table,12,,0.1,uH,,12,,"IHLP® Commercial Inductors, Low DCR Series 4.7 x 4.3 x 2.0",vishay_ihlp_power_inductors
Vishay(威世),IHLP-1616BZ-1A,IHLP-1616BZ-1A,,,,,,,Automotive power inductor,PageGroup=Automotive,https://www.vishay.com/en/inductors/ihlp-power-inductors-automotive/,"IHLP® Automotive Inductors, Low DCR Series 4.7 x 4.3 x 2.0",功率电感,SMT,1616,4.7 x 4.3 x 2.0 mm,L=0.1~4.7uH | Irms=12A | Isat=12A | Case=1616 | 4.7 x 4.3 x 2.0 mm | Temp=-55 to +125,Production,4.7,4.3,2.0,-55 to +125,https://www.vishay.com/en/inductors/ihlp-power-inductors-automotive/,Vishay official parametric table,官方网页抽取,2026-04-19 02:46,Vishay Automotive parametric table,12,,0.1,uH,,12,,"IHLP® Automotive Inductors, Low DCR Series 4.7 x 4.3 x 2.0",vishay_ihlp_power_inductors_automotive
Vishay(威世),IHLP-1616BZ-5A,IHLP-1616BZ-5A,,,,,,,Automotive power inductor,PageGroup=Automotive,https://www.vishay.com/en/inductors/ihlp-power-inductors-automotive/,"IHLP® Automotive Inductors, High Temperature (155 °C) Series 4.7 x 4.3 x 2.0",功率电感,SMT,1616,4.7 x 4.3 x 2.0 mm,L=0.1~4.7uH | Irms=17.3A | Isat=19A | Case=1616 | 4.7 x 4.3 x 2.0 mm | Temp=-55 to +155,Production,4.7,4.3,2.0,-55 to +155,https://www.vishay.com/en/inductors/ihlp-power-inductors-automotive/,Vishay official parametric table,官方网页抽取,2026-04-19 02:46,Vishay Automotive parametric table,17.3,,0.1,uH,,19,,"IHLP® Automotive Inductors, High Temperature (155 °C) Series 4.7 x 4.3 x 2.0",vishay_ihlp_power_inductors_automotive
Vishay(威世),IHLP-1616BZ-A1,IHLP-1616BZ-A1,,,,,,,Automotive power inductor,PageGroup=Automotive,https://www.vishay.com/en/inductors/ihlp-power-inductors-automotive/,"IHLP® Automotive Inductors, High Saturation Series 4.7 x 4.3 x 2.0",功率电感,SMT,1616,4.7 x 4.3 x 2.0 mm,L=0.1~2.2uH | Irms=13A | Isat=35A | Case=1616 | 4.7 x 4.3 x 2.0 mm | Temp=-55 to +125,Production,4.7,4.3,2.0,-55 to +125,https://www.vishay.com/en/inductors/ihlp-power-inductors-automotive/,Vishay official parametric table,官方网页抽取,2026-04-19 02:46,Vishay Automotive parametric table,13,,0.1,uH,,35,,"IHLP® Automotive Inductors, High Saturation Series 4.7 x 4.3 x 2.0",vishay_ihlp_power_inductors_automotive
Vishay(威世),IHLP-2020BZ-11,IHLP-2020BZ-11,,,,,,,Commercial/Industrial power inductor,PageGroup=Commercial/Industrial,https://www.vishay.com/en/inductors/ihlp-power-inductors/,"IHLP® Commercial Inductors, Low DCR Series 5.7 x 5.4 x 2.0",功率电感,SMT,2020,5.7 x 5.4 x 2.0 mm,L=0.1~10uH | Irms=21A | Isat=25A | Case=2020 | 5.7 x 5.4 x 2.0 mm | Temp=-55 to +125,Production,5.7,5.4,2.0,-55 to +125,https://www.vishay.com/en/inductors/ihlp-power-inductors/,Vishay official parametric table,官方网页抽取,2026-04-19 02:46,Vishay Commercial/Industrial parametric table,21,,0.1,uH,,25,,"IHLP® Commercial Inductors, Low DCR Series 5.7 x 5.4 x 2.0",vishay_ihlp_power_inductors
Vishay(威世),IHLP-2020BZ-1A,IHLP-2020BZ-1A,,,,,,,Automotive power inductor,PageGroup=Automotive,https://www.vishay.com/en/inductors/ihlp-power-inductors-automotive/,"IHLP® Automotive Inductors, Low DCR Series 5.7 x 5.4 x 2.0",功率电感,SMT,2020,5.7 x 5.4 x 2.0 mm,L=0.1~6.8uH | Irms=21A | Isat=25A | Case=2020 | 5.7 x 5.4 x 2.0 mm | Temp=-55 to +125,Production,5.7,5.4,2.0,-55 to +125,https://www.vishay.com/en/inductors/ihlp-power-inductors-automotive/,Vishay official parametric table,官方网页抽取,2026-04-19 02:46,Vishay Automotive parametric table,21,,0.1,uH,,25,,"IHLP® Automotive Inductors, Low DCR Series 5.7 x 5.4 x 2.0",vishay_ihlp_power_inductors_automotive
Vishay(威世),IHLP-2020BZ-5A,IHLP-2020BZ-5A,,,,,,,Automotive power inductor,PageGroup=Automotive,https://www.vishay.com/en/inductors/ihlp-power-inductors-automotive/,"IHLP® Automotive Inductors, High Temperature (155 °C) Series 5.7 x 5.4 x 2.0",功率电感,SMT,2020,5.7 x 5.4 x 2.0 mm,L=0.1~22uH | Irms=25.3A | Isat=23.4A | Case=2020 | 5.7 x 5.4 x 2.0 mm | Temp=-55 to +155,Production,5.7,5.4,2.0,-55 to +155,https://www.vishay.com/en/inductors/ihlp-power-inductors-automotive/,Vishay official parametric table,官方网页抽取,2026-04-19 02:46,Vishay Automotive parametric table,25.3,,0.1,uH,,23.4,,"IHLP® Automotive Inductors, High Temperature (155 °C) Series 5.7 x 5.4 x 2.0",vishay_ihlp_power_inductors_automotive
Vishay(威世),IHLP-2020BZ-A1,IHLP-2020BZ-A1,,,,,,,Automotive power inductor,PageGroup=Automotive,https://www.vishay.com/en/inductors/ihlp-power-inductors-automotive/,"IHLP® Automotive Inductors, High Saturation Series 5.7 x 5.4 x 2.0",功率电感,SMT,2020,5.7 x 5.4 x 2.0 mm,L=0.1~6.8uH | Irms=17A | Isat=45A | Case=2020 | 5.7 x 5.4 x 2.0 mm | Temp=-55 to +125,Production,5.7,5.4,2.0,-55 to +125,https://www.vishay.com/en/inductors/ihlp-power-inductors-automotive/,Vishay official parametric table,官方网页抽取,2026-04-19 02:46,Vishay Automotive parametric table,17,,0.1,uH,,45,,"IHLP® Automotive Inductors, High Saturation Series 5.7 x 5.4 x 2.0",vishay_ihlp_power_inductors_automotive
Vishay(威世),IHLP-2020CZ-01,IHLP-2020CZ-01,,,,,,,Commercial/Industrial power inductor,PageGroup=Commercial/Industrial,https://www.vishay.com/en/inductors/ihlp-power-inductors/,"IHLP® Commercial Inductors, High Saturation Series 5.7 x 5.4 x 3.0",功率电感,SMT,2020,5.7 x 5.4 x 3.0 mm,L=0.1~15uH | Irms=23A | Isat=27A | Case=2020 | 5.7 x 5.4 x 3.0 mm | Temp=-55 to +125,Production,5.7,5.4,3.0,-55 to +125,https://www.vishay.com/en/inductors/ihlp-power-inductors/,Vishay official parametric table,官方网页抽取,2026-04-19 02:46,Vishay Commercial/Industrial parametric table,23,,0.1,uH,,27,,"IHLP® Commercial Inductors, High Saturation Series 5.7 x 5.4 x 3.0",vishay_ihlp_power_inductors
Vishay(威世),IHLP-2020CZ-11,IHLP-2020CZ-11,,,,,,,Commercial/Industrial power inductor,PageGroup=Commercial/Industrial,https://www.vishay.com/en/inductors/ihlp-power-inductors/,"IHLP® Commercial Inductors, Low DCR Series 5.7 x 5.4 x 3.0",功率电感,SMT,2020,5.7 x 5.4 x 3.0 mm,L=0.1~22uH | Irms=26.3A | Isat=20.5A | Case=2020 | 5.7 x 5.4 x 3.0 mm | Temp=-55 to +125,Production,5.7,5.4,3.0,-55 to +125,https://www.vishay.com/en/inductors/ihlp-power-inductors/,Vishay official parametric table,官方网页抽取,2026-04-19 02:46,Vishay Commercial/Industrial parametric table,26.3,,0.1,uH,,20.5,,"IHLP® Commercial Inductors, Low DCR Series 5.7 x 5.4 x 3.0",vishay_ihlp_power_inductors
Vishay(威世),IHLP-2020CZ-1A,IHLP-2020CZ-1A,,,,,,,Automotive power inductor,PageGroup=Automotive,https://www.vishay.com/en/inductors/ihlp-power-inductors-automotive/,"IHLP® Automotive Inductors, Low DCR Series 5.7 x 5.4 x 3.0",功率电感,SMT,2020,5.7 x 5.4 x 3.0 mm,L=0.1~10uH | Irms=26.3A | Isat=20.5A | Case=2020 | 5.7 x 5.4 x 3.0 mm | Temp=-55 to +125,Production,5.7,5.4,3.0,-55 to +125,https://www.vishay.com/en/inductors/ihlp-power-inductors-automotive/,Vishay official parametric table,官方网页抽取,2026-04-19 02:46,Vishay Automotive parametric table,26.3,,0.1,uH,,20.5,,"IHLP® Automotive Inductors, Low DCR Series 5.7 x 5.4 x 3.0",vishay_ihlp_power_inductors_automotive
Vishay(威世),IHLP-2020CZ-5A,IHLP-2020CZ-5A,,,,,,,Automotive power inductor,PageGroup=Automotive,https://www.vishay.com/en/inductors/ihlp-power-inductors-automotive/,"IHLP® Automotive Inductors, High Temperature (155 °C) Series 5.7 x 5.4 x 3.0",功率电感,SMT,2020,5.7 x 5.4 x 3.0 mm,L=0.22~15uH | Irms=18A | Isat=11A | Case=2020 | 5.7 x 5.4 x 3.0 mm | Temp=-55 to +155,Production,5.7,5.4,3.0,-55 to +155,https://www.vishay.com/en/inductors/ihlp-power-inductors-automotive/,Vishay official parametric table,官方网页抽取,2026-04-19 02:46,Vishay Automotive parametric table,18,,0.22,uH,,11,,"IHLP® Automotive Inductors, High Temperature (155 °C) Series 5.7 x 5.4 x 3.0",vishay_ihlp_power_inductors_automotive
Vishay(威世),IHLP-2020CZ-8A,IHLP-2020CZ-8A,,,,,,,Automotive power inductor,PageGroup=Automotive,https://www.vishay.com/en/inductors/ihlp-power-inductors-automotive/,"IHLP® Automotive Inductors, High Temperature (180 °C) Series 5.7 x 5.4 x 3.0",功率电感,SMT,2020,5.7 x 5.4 x 3.0 mm,L=0.22~15uH | Irms=18A | Isat=11A | Case=2020 | 5.7 x 5.4 x 3.0 mm | Temp=-55 to +180,Production,5.7,5.4,3.0,-55 to +180,https://www.vishay.com/en/inductors/ihlp-power-inductors-automotive/,Vishay official parametric table,官方网页抽取,2026-04-19 02:46,Vishay Automotive parametric table,18,,0.22,uH,,11,,"IHLP® Automotive Inductors, High Temperature (180 °C) Series 5.7 x 5.4 x 3.0",vishay_ihlp_power_inductors_automotive
Vishay(威世),IHLP-2020CZ-A1,IHLP-2020CZ-A1,,,,,,,Automotive power inductor,PageGroup=Automotive,https://www.vishay.com/en/inductors/ihlp-power-inductors-automotive/,"IHLP® Automotive Inductors, High Saturation Series 5.7 x 5.4 x 3.0",功率电感,SMT,2020,5.7 x 5.4 x 3.0 mm,L=0.1~10uH | Irms=23A | Isat=27A | Case=2020 | 5.7 x 5.4 x 3.0 mm | Temp=-55 to +125,Production,5.7,5.4,3.0,-55 to +125,https://www.vishay.com/en/inductors/ihlp-power-inductors-automotive/,Vishay official parametric table,官方网页抽取,2026-04-19 02:46,Vishay Automotive parametric table,23,,0.1,uH,,27,,"IHLP® Automotive Inductors, High Saturation Series 5.7 x 5.4 x 3.0",vishay_ihlp_power_inductors_automotive
Vishay(威世),IHLP-2525AH-01,IHLP-2525AH-01,,,,,,,Commercial/Industrial power inductor,PageGroup=Commercial/Industrial,https://www.vishay.com/en/inductors/ihlp-power-inductors/,"IHLP® Commercial Inductors, High Saturation Series 7.2 x 6.7 x 1.8",功率电感,SMT,2525,7.2 x 6.7 x 1.8 mm,L=0.1~4.7uH | Irms=18A | Isat=40A | Case=2525 | 7.2 x 6.7 x 1.8 mm | Temp=-55 to +125,Production,7.2,6.7,1.8,-55 to +125,https://www.vishay.com/en/inductors/ihlp-power-inductors/,Vishay official parametric table,官方网页抽取,2026-04-19 02:46,Vishay Commercial/Industrial parametric table,18,,0.1,uH,,40,,"IHLP® Commercial Inductors, High Saturation Series 7.2 x 6.7 x 1.8",vishay_ihlp_power_inductors
Vishay(威世),IHLP-2525AH-A1,IHLP-2525AH-A1,,,,,,,Automotive power inductor,PageGroup=Automotive,https://www.vishay.com/en/inductors/ihlp-power-inductors-automotive/,"IHLP® Automotive Inductors, High Saturation Series 7.2 x 6.7 x 1.8",功率电感,SMT,2525,7.2 x 6.7 x 1.8 mm,L=0.1~4.7uH | Irms=18A | Isat=40A | Case=2525 | 7.2 x 6.7 x 1.8 mm | Temp=-55 to +125,Production,7.2,6.7,1.8,-55 to +125,https://www.vishay.com/en/inductors/ihlp-power-inductors-automotive/,Vishay official parametric table,官方网页抽取,2026-04-19 02:46,Vishay Automotive parametric table,18,,0.1,uH,,40,,"IHLP® Automotive Inductors, High Saturation Series 7.2 x 6.7 x 1.8",vishay_ihlp_power_inductors_automotive
Vishay(威世),IHLP-2525BD-01,IHLP-2525BD-01,,,,,,,Commercial/Industrial power inductor,PageGroup=Commercial/Industrial,https://www.vishay.com/en/inductors/ihlp-power-inductors/,"IHLP® Commercial Inductors, High Saturation Series 7.2 x 6.7 x 2.4",功率电感,SMT,2525,7.2 x 6.7 x 2.4 mm,L=0.1~10uH | Irms=30A | Isat=50A | Case=2525 | 7.2 x 6.7 x 2.4 mm | Temp=-55 to +125,Production,7.2,6.7,2.4,-55 to +125,https://www.vishay.com/en/inductors/ihlp-power-inductors/,Vishay official parametric table,官方网页抽取,2026-04-19 02:46,Vishay Commercial/Industrial parametric table,30,,0.1,uH,,50,,"IHLP® Commercial Inductors, High Saturation Series 7.2 x 6.7 x 2.4",vishay_ihlp_power_inductors
Vishay(威世),IHLP-2525BD-A1,IHLP-2525BD-A1,,,,,,,Automotive power inductor,PageGroup=Automotive,https://www.vishay.com/en/inductors/ihlp-power-inductors-automotive/,"IHLP® Automotive Inductors, High Saturation Series 7.2 x 6.7 x 2.4",功率电感,SMT,2525,7.2 x 6.7 x 2.4 mm,L=0.1~10uH | Irms=30A | Isat=50A | Case=2525 | 7.2 x 6.7 x 2.4 mm | Temp=-55 to +125,Production,7.2,6.7,2.4,-55 to +125,https://www.vishay.com/en/inductors/ihlp-power-inductors-automotive/,Vishay official parametric table,官方网页抽取,2026-04-19 02:46,Vishay Automotive parametric table,30,,0.1,uH,,50,,"IHLP® Automotive Inductors, High Saturation Series 7.2 x 6.7 x 2.4",vishay_ihlp_power_inductors_automotive
Vishay(威世),IHLP-2525CZ-01,IHLP-2525CZ-01,,,,,,,Commercial/Industrial power inductor,PageGroup=Commercial/Industrial,https://www.vishay.com/en/inductors/ihlp-power-inductors/,"IHLP® Commercial Inductors, High Saturation Series 7.2 x 6.7 x",功率电感,SMT,2525,7.2 x 6.7 x 3.0 mm,L=0.1~10uH | Irms=32.5A | Isat=60A | Case=2525 | 7.2 x 6.7 x 3.0 mm | Temp=-55 to +125,Production,7.2,6.7,3.0,-55 to +125,https://www.vishay.com/en/inductors/ihlp-power-inductors/,Vishay official parametric table,官方网页抽取,2026-04-19 02:46,Vishay Commercial/Industrial parametric table,32.5,,0.1,uH,,60,,"IHLP® Commercial Inductors, High Saturation Series 7.2 x 6.7 x",vishay_ihlp_power_inductors
Vishay(威世),IHLP-2525CZ-06,IHLP-2525CZ-06,,,,,,,Commercial/Industrial power inductor,PageGroup=Commercial/Industrial,https://www.vishay.com/en/inductors/ihlp-power-inductors/,"IHLP® Commercial Inductors, High Saturation Series, 10 % DCR Tolerance 7.2 x 6.7 x 3.0",功率电感,SMT,2525,7.2 x 6.7 x 3.0 mm,L=0.1~10uH | Irms=32.5A | Isat=60A | Case=2525 | 7.2 x 6.7 x 3.0 mm | Temp=-55 to +125,Production,7.2,6.7,3.0,-55 to +125,https://www.vishay.com/en/inductors/ihlp-power-inductors/,Vishay official parametric table,官方网页抽取,2026-04-19 02:46,Vishay Commercial/Industrial parametric table,32.5,,0.1,uH,,60,,"IHLP® Commercial Inductors, High Saturation Series, 10 % DCR Tolerance 7.2 x 6.7 x 3.0",vishay_ihlp_power_inductors
Vishay(威世),IHLP-2525CZ-07,IHLP-2525CZ-07,,,,,,,Commercial/Industrial power inductor,PageGroup=Commercial/Industrial,https://www.vishay.com/en/inductors/ihlp-power-inductors/,"IHLP® Commercial Inductors, High Saturation Series, 5 % DCR Tolerance 7.2 x 6.7 x 3.0",功率电感,SMT,2525,7.2 x 6.7 x 3.0 mm,L=0.1~10uH | Irms=32.5A | Isat=60A | Case=2525 | 7.2 x 6.7 x 3.0 mm | Temp=-55 to +125,Production,7.2,6.7,3.0,-55 to +125,https://www.vishay.com/en/inductors/ihlp-power-inductors/,Vishay official parametric table,官方网页抽取,2026-04-19 02:46,Vishay Commercial/Industrial parametric table,32.5,,0.1,uH,,60,,"IHLP® Commercial Inductors, High Saturation Series, 5 % DCR Tolerance 7.2 x 6.7 x 3.0",vishay_ihlp_power_inductors
Vishay(威世),IHLP-2525CZ-11,IHLP-2525CZ-11,,,,,,,Commercial/Industrial power inductor,PageGroup=Commercial/Industrial,https://www.vishay.com/en/inductors/ihlp-power-inductors/,"IHLP® Commercial Inductors, Low DCR Series 7.2 x 6.7 x 3.0",功率电感,SMT,2525,7.2 x 6.7 x 3.0 mm,L=1~22uH | Irms=12.5A | Isat=9.5A | Case=2525 | 7.2 x 6.7 x 3.0 mm | Temp=-55 to +125,Production,7.2,6.7,3.0,-55 to +125,https://www.vishay.com/en/inductors/ihlp-power-inductors/,Vishay official parametric table,官方网页抽取,2026-04-19 02:46,Vishay Commercial/Industrial parametric table,12.5,,1,uH,,9.5,,"IHLP® Commercial Inductors, Low DCR Series 7.2 x 6.7 x 3.0",vishay_ihlp_power_inductors
Vishay(威世),IHLP-2525CZ-1A,IHLP-2525CZ-1A,,,,,,,Automotive power inductor,PageGroup=Automotive,https://www.vishay.com/en/inductors/ihlp-power-inductors-automotive/,"IHLP® Automotive Inductors, Low DCR Series 7.2 x 6.7 x 3.0",功率电感,SMT,2525,7.2 x 6.7 x 3.0 mm,L=1~22uH | Irms=12.5A | Isat=9.5A | Case=2525 | 7.2 x 6.7 x 3.0 mm | Temp=-55 to +125,Production,7.2,6.7,3.0,-55 to +125,https://www.vishay.com/en/inductors/ihlp-power-inductors-automotive/,Vishay official parametric table,官方网页抽取,2026-04-19 02:46,Vishay Automotive parametric table,12.5,,1,uH,,9.5,,"IHLP® Automotive Inductors, Low DCR Series 7.2 x 6.7 x 3.0",vishay_ihlp_power_inductors_automotive
Vishay(威世),IHLP-2525CZ-5A,IHLP-2525CZ-5A,,,,,,,Automotive power inductor,PageGroup=Automotive,https://www.vishay.com/en/inductors/ihlp-power-inductors-automotive/,"IHLP® Automotive Inductors, High Temperature (155 °C) Series 7.2 x 6.7 x 3.0",功率电感,SMT,2525,7.2 x 6.7 x 3.0 mm,L=0.33~22uH | Irms=22A | Isat=17A | Case=2525 | 7.2 x 6.7 x 3.0 mm | Temp=-55 to +155,Production,7.2,6.7,3.0,-55 to +155,https://www.vishay.com/en/inductors/ihlp-power-inductors-automotive/,Vishay official parametric table,官方网页抽取,2026-04-19 02:46,Vishay Automotive parametric table,22,,0.33,uH,,17,,"IHLP® Automotive Inductors, High Temperature (155 °C) Series 7.2 x 6.7 x 3.0",vishay_ihlp_power_inductors_automotive
Vishay(威世),IHLP-2525CZ-8A,IHLP-2525CZ-8A,,,,,,,Automotive power inductor,PageGroup=Automotive,https://www.vishay.com/en/inductors/ihlp-power-inductors-automotive/,"IHLP® Automotive Inductors, High Temperature (180 °C) Series 7.2 x 6.7 x 3.0",功率电感,SMT,2525,7.2 x 6.7 x 3.0 mm,L=0.33~22uH | Irms=22A | Isat=17A | Case=2525 | 7.2 x 6.7 x 3.0 mm | Temp=-55 to +180,Production,7.2,6.7,3.0,-55 to +180,https://www.vishay.com/en/inductors/ihlp-power-inductors-automotive/,Vishay official parametric table,官方网页抽取,2026-04-19 02:46,Vishay Automotive parametric table,22,,0.33,uH,,17,,"IHLP® Automotive Inductors, High Temperature (180 °C) Series 7.2 x 6.7 x 3.0",vishay_ihlp_power_inductors_automotive
Vishay(威世),IHLP-2525CZ-A1,IHLP-2525CZ-A1,,,,,,,Automotive power inductor,PageGroup=Automotive,https://www.vishay.com/en/inductors/ihlp-power-inductors-automotive/,"IHLP® Automotive Inductors, High Saturation Series 7.2 x 6.7 x 3.0",功率电感,SMT,2525,7.2 x 6.7 x 3.0 mm,L=0.1~10uH | Irms=32.5A | Isat=60A | Case=2525 | 7.2 x 6.7 x 3.0 mm | Temp=-55 to +125,Production,7.2,6.7,3.0,-55 to +125,https://www.vishay.com/en/inductors/ihlp-power-inductors-automotive/,Vishay official parametric table,官方网页抽取,2026-04-19 02:46,Vishay Automotive parametric table,32.5,,0.1,uH,,60,,"IHLP® Automotive Inductors, High Saturation Series 7.2 x 6.7 x 3.0",vishay_ihlp_power_inductors_automotive
Vishay(威世),IHLP-2525EZ-01,IHLP-2525EZ-01,,,,,,,Commercial/Industrial power inductor,PageGroup=Commercial/Industrial,https://www.vishay.com/en/inductors/ihlp-power-inductors/,"IHLP® Commercial Inductors, High Saturation Series 7.2 x 6.7 x 5.0",功率电感,SMT,2525,7.2 x 6.7 x 5.0 mm,L=0.56~10uH | Irms=20A | Isat=15A | Case=2525 | 7.2 x 6.7 x 5.0 mm | Temp=-55 to +125,Production,7.2,6.7,5.0,-55 to +125,https://www.vishay.com/en/inductors/ihlp-power-inductors/,Vishay official parametric table,官方网页抽取,2026-04-19 02:46,Vishay Commercial/Industrial parametric table,20,,0.56,uH,,15,,"IHLP® Commercial Inductors, High Saturation Series 7.2 x 6.7 x 5.0",vishay_ihlp_power_inductors
Vishay(威世),IHLP-2525EZ-A1,IHLP-2525EZ-A1,,,,,,,Automotive power inductor,PageGroup=Automotive,https://www.vishay.com/en/inductors/ihlp-power-inductors-automotive/,"IHLP® Automotive Inductors, High Saturation Series 7.2 x 6.7 x 5.0",功率电感,SMT,2525,7.2 x 6.7 x 5.0 mm,L=0.56~10uH | Irms=20A | Isat=15A | Case=2525 | 7.2 x 6.7 x 5.0 mm | Temp=-55 to +125,Production,7.2,6.7,5.0,-55 to +125,https://www.vishay.com/en/inductors/ihlp-power-inductors-automotive/,Vishay official parametric table,官方网页抽取,2026-04-19 02:46,Vishay Automotive parametric table,20,,0.56,uH,,15,,"IHLP® Automotive Inductors, High Saturation Series 7.2 x 6.7 x 5.0",vishay_ihlp_power_inductors_automotive
Vishay(威世),IHLP-4040DZ-01,IHLP-4040DZ-01,,,,,,,Commercial/Industrial power inductor,PageGroup=Commercial/Industrial,https://www.vishay.com/en/inductors/ihlp-power-inductors/,"IHLP® Commercial Inductors, High Saturation Series 11.5 x 10.3 x 4.0",功率电感,SMT,4040,11.5 x 10.3 x 4.0 mm,L=0.19~22uH | Irms=40A | Isat=90A | Case=4040 | 11.5 x 10.3 x 4.0 mm | Temp=-55 to +125,Production,11.5,10.3,4.0,-55 to +125,https://www.vishay.com/en/inductors/ihlp-power-inductors/,Vishay official parametric table,官方网页抽取,2026-04-19 02:46,Vishay Commercial/Industrial parametric table,40,,0.19,uH,,90,,"IHLP® Commercial Inductors, High Saturation Series 11.5 x 10.3 x 4.0",vishay_ihlp_power_inductors
Vishay(威世),IHLP-4040DZ-11,IHLP-4040DZ-11,,,,,,,Commercial/Industrial power inductor,PageGroup=Commercial/Industrial,https://www.vishay.com/en/inductors/ihlp-power-inductors/,"IHLP® Commercial Inductors, Low DCR Series 11.5 x 10.3 x",功率电感,SMT,4040,11.5 x 10.3 x 4.0 mm,L=0.19~100uH | Irms=40A | Isat=46A | Case=4040 | 11.5 x 10.3 x 4.0 mm | Temp=-55 to +125,Production,11.5,10.3,4.0,-55 to +125,https://www.vishay.com/en/inductors/ihlp-power-inductors/,Vishay official parametric table,官方网页抽取,2026-04-19 02:46,Vishay Commercial/Industrial parametric table,40,,0.19,uH,,46,,"IHLP® Commercial Inductors, Low DCR Series 11.5 x 10.3 x",vishay_ihlp_power_inductors
Vishay(威世),IHLP-4040DZ-1A,IHLP-4040DZ-1A,,,,,,,Automotive power inductor,PageGroup=Automotive,https://www.vishay.com/en/inductors/ihlp-power-inductors-automotive/,"IHLP® Automotive Inductors, Low DCR Series 11.5 x 10.3 x",功率电感,SMT,4040,11.5 x 10.3 x 4.0 mm,L=0.19~100uH | Irms=40A | Isat=46A | Case=4040 | 11.5 x 10.3 x 4.0 mm | Temp=-55 to +125,Production,11.5,10.3,4.0,-55 to +125,https://www.vishay.com/en/inductors/ihlp-power-inductors-automotive/,Vishay official parametric table,官方网页抽取,2026-04-19 02:46,Vishay Automotive parametric table,40,,0.19,uH,,46,,"IHLP® Automotive Inductors, Low DCR Series 11.5 x 10.3 x",vishay_ihlp_power_inductors_automotive
Vishay(威世),IHLP-4040DZ-5A,IHLP-4040DZ-5A,,,,,,,Automotive power inductor,PageGroup=Automotive,https://www.vishay.com/en/inductors/ihlp-power-inductors-automotive/,"IHLP® Automotive Inductors, High Temperature (155 °C) Series 11.5 x 10.3 x 4.0",功率电感,SMT,4040,11.5 x 10.3 x 4.0 mm,L=0.47~68uH | Irms=35.5A | Isat=28.5A | Case=4040 | 11.5 x 10.3 x 4.0 mm | Temp=-55 to +155,Production,11.5,10.3,4.0,-55 to +155,https://www.vishay.com/en/inductors/ihlp-power-inductors-automotive/,Vishay official parametric table,官方网页抽取,2026-04-19 02:46,Vishay Automotive parametric table,35.5,,0.47,uH,,28.5,,"IHLP® Automotive Inductors, High Temperature (155 °C) Series 11.5 x 10.3 x 4.0",vishay_ihlp_power_inductors_automotive
Vishay(威世),IHLP-4040DZ-8A,IHLP-4040DZ-8A,,,,,,,Automotive power inductor,PageGroup=Automotive,https://www.vishay.com/en/inductors/ihlp-power-inductors-automotive/,"IHLP® Automotive Inductors, High Temperature (180 °C) Series 11.5 x 10.3 x 4.0",功率电感,SMT,4040,11.5 x 10.3 x 4.0 mm,L=0.47~68uH | Irms=30A | Isat=28.5A | Case=4040 | 11.5 x 10.3 x 4.0 mm | Temp=-55 to +180,Production,11.5,10.3,4.0,-55 to +180,https://www.vishay.com/en/inductors/ihlp-power-inductors-automotive/,Vishay official parametric table,官方网页抽取,2026-04-19 02:46,Vishay Automotive parametric table,30,,0.47,uH,,28.5,,"IHLP® Automotive Inductors, High Temperature (180 °C) Series 11.5 x 10.3 x 4.0",vishay_ihlp_power_inductors_automotive
Vishay(威世),IHLP-4040DZ-A1,IHLP-4040DZ-A1,,,,,,,Automotive power inductor,PageGroup=Automotive,https://www.vishay.com/en/inductors/ihlp-power-inductors-automotive/,"IHLP® Automotive Inductors, High Saturation Series 11.5 x 10.3 x 4.0",功率电感,SMT,4040,11.5 x 10.3 x 4.0 mm,L=0.19~22uH | Irms=40A | Isat=90A | Case=4040 | 11.5 x 10.3 x 4.0 mm | Temp=-55 to +125,Production,11.5,10.3,4.0,-55 to +125,https://www.vishay.com/en/inductors/ihlp-power-inductors-automotive/,Vishay official parametric table,官方网页抽取,2026-04-19 02:46,Vishay Automotive parametric table,40,,0.19,uH,,90,,"IHLP® Automotive Inductors, High Saturation Series 11.5 x 10.3 x 4.0",vishay_ihlp_power_inductors_automotive
Vishay(威世),IHLP-4040ED-5A,IHLP-4040ED-5A,,,,,,,Automotive power inductor,PageGroup=Automotive,https://www.vishay.com/en/inductors/ihlp-power-inductors-automotive/,"IHLP® Automotive Inductors, High Temperature (155 °C) Series 11.5 x 10.3 x 5.4",功率电感,SMT,4040,11.5 x 10.3 x 5.4 mm,L=0.33~75uH | Irms=36A | Isat=20.8A | Case=4040 | 11.5 x 10.3 x 5.4 mm | Temp=-55 to +155,Production,11.5,10.3,5.4,-55 to +155,https://www.vishay.com/en/inductors/ihlp-power-inductors-automotive/,Vishay official parametric table,官方网页抽取,2026-04-19 02:46,Vishay Automotive parametric table,36,,0.33,uH,,20.8,,"IHLP® Automotive Inductors, High Temperature (155 °C) Series 11.5 x 10.3 x 5.4",vishay_ihlp_power_inductors_automotive
Vishay(威世),IHLP-4W40DZ-5A,IHLP-4W40DZ-5A,,,,,,,Automotive power inductor,PageGroup=Automotive,https://www.vishay.com/en/inductors/ihlp-power-inductors-automotive/,"IHLP® Automotive Inductors, High Temperature (155 °C) Wide Terminal Series",功率电感,SMT,4W40,,L=0.47~68uH | Irms=35A | Isat=28.5A | Case=4W40 | Temp=-55 to +155,Production,,,,-55 to +155,https://www.vishay.com/en/inductors/ihlp-power-inductors-automotive/,Vishay official parametric table,官方网页抽取,2026-04-19 02:46,Vishay Automotive parametric table,35,,0.47,uH,,28.5,,"IHLP® Automotive Inductors, High Temperature (155 °C) Wide Terminal Series",vishay_ihlp_power_inductors_automotive
Vishay(威世),IHLP-5050CE-01,IHLP-5050CE-01,,,,,,,Commercial/Industrial power inductor,PageGroup=Commercial/Industrial,https://www.vishay.com/en/inductors/ihlp-power-inductors/,"IHLP® Commercial Inductors, High Saturation Series 13.6 x 12.9 x 3.5",功率电感,SMT,5050,13.6 x 12.9 x 3.5 mm,L=0.1~10uH | Irms=43A | Isat=84A | Case=5050 | 13.6 x 12.9 x 3.5 mm | Temp=-55 to +125,Production,13.6,12.9,3.5,-55 to +125,https://www.vishay.com/en/inductors/ihlp-power-inductors/,Vishay official parametric table,官方网页抽取,2026-04-19 02:46,Vishay Commercial/Industrial parametric table,43,,0.1,uH,,84,,"IHLP® Commercial Inductors, High Saturation Series 13.6 x 12.9 x 3.5",vishay_ihlp_power_inductors
Vishay(威世),IHLP-5050CE-06,IHLP-5050CE-06,,,,,,,Commercial/Industrial power inductor,PageGroup=Commercial/Industrial,https://www.vishay.com/en/inductors/ihlp-power-inductors/,"IHLP® Commercial Inductors, High Saturation Series, 10 % DCR Tolerance 13.6 x 12.9 x 3.5",功率电感,SMT,5050,13.6 x 12.9 x 3.5 mm,L=0.6~10uH | Irms=29A | Isat=51A | Case=5050 | 13.6 x 12.9 x 3.5 mm | Temp=-55 to +125,Production,13.6,12.9,3.5,-55 to +125,https://www.vishay.com/en/inductors/ihlp-power-inductors/,Vishay official parametric table,官方网页抽取,2026-04-19 02:46,Vishay Commercial/Industrial parametric table,29,,0.6,uH,,51,,"IHLP® Commercial Inductors, High Saturation Series, 10 % DCR Tolerance 13.6 x 12.9 x 3.5",vishay_ihlp_power_inductors
Vishay(威世),IHLP-5050CE-07,IHLP-5050CE-07,,,,,,,Commercial/Industrial power inductor,PageGroup=Commercial/Industrial,https://www.vishay.com/en/inductors/ihlp-power-inductors/,"IHLP® Commercial Inductors, High Saturation Series, 5 % DCR Tolerance 13.6 x 12.9 x 3.5",功率电感,SMT,5050,13.6 x 12.9 x 3.5 mm,L=0.6~10uH | Irms=29A | Isat=51A | Case=5050 | 13.6 x 12.9 x 3.5 mm | Temp=-55 to +125,Production,13.6,12.9,3.5,-55 to +125,https://www.vishay.com/en/inductors/ihlp-power-inductors/,Vishay official parametric table,官方网页抽取,2026-04-19 02:46,Vishay Commercial/Industrial parametric table,29,,0.6,uH,,51,,"IHLP® Commercial Inductors, High Saturation Series, 5 % DCR Tolerance 13.6 x 12.9 x 3.5",vishay_ihlp_power_inductors
Vishay(威世),IHLP-5050CE-A1,IHLP-5050CE-A1,,,,,,,Automotive power inductor,PageGroup=Automotive,https://www.vishay.com/en/inductors/ihlp-power-inductors-automotive/,"IHLP® Automotive Inductors, High Saturation Series 13.6 x 12.9 x 3.5",功率电感,SMT,5050,13.6 x 12.9 x 3.5 mm,L=0.1~10uH | Irms=43A | Isat=84A | Case=5050 | 13.6 x 12.9 x 3.5 mm | Temp=-55 to +125,Production,13.6,12.9,3.5,-55 to +125,https://www.vishay.com/en/inductors/ihlp-power-inductors-automotive/,Vishay official parametric table,官方网页抽取,2026-04-19 02:46,Vishay Automotive parametric table,43,,0.1,uH,,84,,"IHLP® Automotive Inductors, High Saturation Series 13.6 x 12.9 x 3.5",vishay_ihlp_power_inductors_automotive
Vishay(威世),IHLP-5050DC-5A,IHLP-5050DC-5A,,,,,,,Automotive power inductor,PageGroup=Automotive,https://www.vishay.com/en/inductors/ihlp-power-inductors-automotive/,"IHLP® Automotive Inductors, High Temperature (155 °C) Series 13.6 x 12.9 x 4.3",功率电感,SMT,5050,13.6 x 12.9 x 4.3 mm,L=0.22~47uH | Irms=49A | Isat=54.4A | Case=5050 | 13.6 x 12.9 x 4.3 mm | Temp=-55 to +155,Production,13.6,12.9,4.3,-55 to +155,https://www.vishay.com/en/inductors/ihlp-power-inductors-automotive/,Vishay official parametric table,官方网页抽取,2026-04-19 02:46,Vishay Automotive parametric table,49,,0.22,uH,,54.4,,"IHLP® Automotive Inductors, High Temperature (155 °C) Series 13.6 x 12.9 x 4.3",vishay_ihlp_power_inductors_automotive
Vishay(威世),IHLP-5050EZ-01,IHLP-5050EZ-01,,,,,,,Commercial/Industrial power inductor,PageGroup=Commercial/Industrial,https://www.vishay.com/en/inductors/ihlp-power-inductors/,"IHLP® Commercial Inductors, High Saturation Series 13.6 x 12.9 x 5.0",功率电感,SMT,5050,13.6 x 12.9 x 5.0 mm,L=0.1~10uH | Irms=55A | Isat=118A | Case=5050 | 13.6 x 12.9 x 5.0 mm | Temp=-55 to +125,Production,13.6,12.9,5.0,-55 to +125,https://www.vishay.com/en/inductors/ihlp-power-inductors/,Vishay official parametric table,官方网页抽取,2026-04-19 02:46,Vishay Commercial/Industrial parametric table,55,,0.1,uH,,118,,"IHLP® Commercial Inductors, High Saturation Series 13.6 x 12.9 x 5.0",vishay_ihlp_power_inductors
Vishay(威世),IHLP-6767DZ-01,IHLP-6767DZ-01,,,,,,,Commercial/Industrial power inductor,PageGroup=Commercial/Industrial,https://www.vishay.com/en/inductors/ihlp-power-inductors/,"IHLP® Commercial Inductors, High Saturation Series 17.9 x 17.1 x 4.0",功率电感,SMT,6767,17.9 x 17.1 x 4.0 mm,L=0.22~10uH | Irms=75A | Isat=92A | Case=6767 | 17.9 x 17.1 x 4.0 mm | Temp=-55 to +125,Production,17.9,17.1,4.0,-55 to +125,https://www.vishay.com/en/inductors/ihlp-power-inductors/,Vishay official parametric table,官方网页抽取,2026-04-19 02:46,Vishay Commercial/Industrial parametric table,75,,0.22,uH,,92,,"IHLP® Commercial Inductors, High Saturation Series 17.9 x 17.1 x 4.0",vishay_ihlp_power_inductors
Vishay(威世),IHLP-6767DZ-11,IHLP-6767DZ-11,,,,,,,Commercial/Industrial power inductor,PageGroup=Commercial/Industrial,https://www.vishay.com/en/inductors/ihlp-power-inductors/,"IHLP® Commercial Inductors, Low DCR Series 17.9 x 17.1 x 4.0",功率电感,SMT,6767,17.9 x 17.1 x 4.0 mm,L=1~47uH | Irms=41A | Isat=27.5A | Case=6767 | 17.9 x 17.1 x 4.0 mm | Temp=-55 to +125,Production,17.9,17.1,4.0,-55 to +125,https://www.vishay.com/en/inductors/ihlp-power-inductors/,Vishay official parametric table,官方网页抽取,2026-04-19 02:46,Vishay Commercial/Industrial parametric table,41,,1,uH,,27.5,,"IHLP® Commercial Inductors, Low DCR Series 17.9 x 17.1 x 4.0",vishay_ihlp_power_inductors
Vishay(威世),IHLP-6767DZ-1A,IHLP-6767DZ-1A,,,,,,,Automotive power inductor,PageGroup=Automotive,https://www.vishay.com/en/inductors/ihlp-power-inductors-automotive/,"IHLP® Automotive Inductors, Low DCR Series 17.9 x 17.1 x 4.0",功率电感,SMT,6767,17.9 x 17.1 x 4.0 mm,L=1~22uH | Irms=41A | Isat=27.5A | Case=6767 | 17.9 x 17.1 x 4.0 mm | Temp=-55 to +125,Production,17.9,17.1,4.0,-55 to +125,https://www.vishay.com/en/inductors/ihlp-power-inductors-automotive/,Vishay official parametric table,官方网页抽取,2026-04-19 02:46,Vishay Automotive parametric table,41,,1,uH,,27.5,,"IHLP® Automotive Inductors, Low DCR Series 17.9 x 17.1 x 4.0",vishay_ihlp_power_inductors_automotive
Vishay(威世),IHLP-6767DZ-A1,IHLP-6767DZ-A1,,,,,,,Automotive power inductor,PageGroup=Automotive,https://www.vishay.com/en/inductors/ihlp-power-inductors-automotive/,"IHLP® Automotive Inductors, High Saturation Series 17.9 x 17.1 x 4.0",功率电感,SMT,6767,17.9 x 17.1 x 4.0 mm,L=0.22~10uH | Irms=75A | Isat=92A | Case=6767 | 17.9 x 17.1 x 4.0 mm | Temp=-55 to +125,Production,17.9,17.1,4.0,-55 to +125,https://www.vishay.com/en/inductors/ihlp-power-inductors-automotive/,Vishay official parametric table,官方网页抽取,2026-04-19 02:46,Vishay Automotive parametric table,75,,0.22,uH,,92,,"IHLP® Automotive Inductors, High Saturation Series 17.9 x 17.1 x 4.0",vishay_ihlp_power_inductors_automotive
Vishay(威世),IHLP-6767GZ-01,IHLP-6767GZ-01,,,,,,,Commercial/Industrial power inductor,PageGroup=Commercial/Industrial,https://www.vishay.com/en/inductors/ihlp-power-inductors/,"IHLP® Commercial Inductors, High Saturation Series 17.9 x 17.1 x 7.0",功率电感,SMT,6767,17.9 x 17.1 x 7.0 mm,L=0.22~22uH | Irms=80A | Isat=129A | Case=6767 | 17.9 x 17.1 x 7.0 mm | Temp=-55 to +125,Production,17.9,17.1,7.0,-55 to +125,https://www.vishay.com/en/inductors/ihlp-power-inductors/,Vishay official parametric table,官方网页抽取,2026-04-19 02:46,Vishay Commercial/Industrial parametric table,80,,0.22,uH,,129,,"IHLP® Commercial Inductors, High Saturation Series 17.9 x 17.1 x 7.0",vishay_ihlp_power_inductors
Vishay(威世),IHLP-6767GZ-11,IHLP-6767GZ-11,,,,,,,Commercial/Industrial power inductor,PageGroup=Commercial/Industrial,https://www.vishay.com/en/inductors/ihlp-power-inductors/,"IHLP® Commercial Inductors, Low DCR Series 17.9 x 17.1 x 7.0",功率电感,SMT,6767,17.9 x 17.1 x 7.0 mm,L=0.33~100uH | Irms=75.5A | Isat=66A | Case=6767 | 17.9 x 17.1 x 7.0 mm | Temp=-55 to +125,Production,17.9,17.1,7.0,-55 to +125,https://www.vishay.com/en/inductors/ihlp-power-inductors/,Vishay official parametric table,官方网页抽取,2026-04-19 02:46,Vishay Commercial/Industrial parametric table,75.5,,0.33,uH,,66,,"IHLP® Commercial Inductors, Low DCR Series 17.9 x 17.1 x 7.0",vishay_ihlp_power_inductors
Vishay(威世),IHLP-6767GZ-5A,IHLP-6767GZ-5A,,,,,,,Automotive power inductor,PageGroup=Automotive,https://www.vishay.com/en/inductors/ihlp-power-inductors-automotive/,"IHLP® Automotive Inductors, High Temperature (155 °C) Series 17.9 x 17.1 x 7.0",功率电感,SMT,6767,17.9 x 17.1 x 7.0 mm,L=0.47~47uH | Irms=65A | Isat=76A | Case=6767 | 17.9 x 17.1 x 7.0 mm | Temp=-55 to +155,Production,17.9,17.1,7.0,-55 to +155,https://www.vishay.com/en/inductors/ihlp-power-inductors-automotive/,Vishay official parametric table,官方网页抽取,2026-04-19 02:46,Vishay Automotive parametric table,65,,0.47,uH,,76,,"IHLP® Automotive Inductors, High Temperature (155 °C) Series 17.9 x 17.1 x 7.0",vishay_ihlp_power_inductors_automotive
Vishay(威世),IHLP-6767GZ-8A,IHLP-6767GZ-8A,,,,,,,Automotive power inductor,PageGroup=Automotive,https://www.vishay.com/en/inductors/ihlp-power-inductors-automotive/,"IHLP® Automotive Inductors, High Temperature (180 °C) Series 17.9 x 17.1 x 7.0",功率电感,SMT,6767,17.9 x 17.1 x 7.0 mm,L=0.47~47uH | Irms=65A | Isat=76A | Case=6767 | 17.9 x 17.1 x 7.0 mm | Temp=-55 to +180,Production,17.9,17.1,7.0,-55 to +180,https://www.vishay.com/en/inductors/ihlp-power-inductors-automotive/,Vishay official parametric table,官方网页抽取,2026-04-19 02:46,Vishay Automotive parametric table,65,,0.47,uH,,76,,"IHLP® Automotive Inductors, High Temperature (180 °C) Series 17.9 x 17.1 x 7.0",vishay_ihlp_power_inductors_automotive
Vishay(威世),IHLP-6767GZ-A1,IHLP-6767GZ-A1,,,,,,,Automotive power inductor,PageGroup=Automotive,https://www.vishay.com/en/inductors/ihlp-power-inductors-automotive/,"IHLP® Automotive Inductors, High Saturation Series 17.9 x 17.1 x 7.0",功率电感,SMT,6767,17.9 x 17.1 x 7.0 mm,L=0.22~22uH | Irms=80A | Isat=129A | Case=6767 | 17.9 x 17.1 x 7.0 mm | Temp=-55 to +125,Production,17.9,17.1,7.0,-55 to +125,https://www.vishay.com/en/inductors/ihlp-power-inductors-automotive/,Vishay official parametric table,官方网页抽取,2026-04-19 02:46,Vishay Automotive parametric table,80,,0.22,uH,,129,,"IHLP® Automotive Inductors, High Saturation Series 17.9 x 17.1 x 7.0",vishay_ihlp_power_inductors_automotive
Vishay(威世),IHLP-7575GZ-5A,IHLP-7575GZ-5A,,,,,,,Automotive power inductor,PageGroup=Automotive,https://www.vishay.com/en/inductors/ihlp-power-inductors-automotive/,"IHLP® Automotive Inductors, High Temperature (155 °C) Series 19.4 x 19.3 x 7.0",功率电感,SMT,7575,19.4 x 19.3 x 7.0 mm,L=0.56~33uH | Irms=61A | Isat=70A | Case=7575 | 19.4 x 19.3 x 7.0 mm | Temp=-55 to +155,Production,19.4,19.3,7.0,-55 to +155,https://www.vishay.com/en/inductors/ihlp-power-inductors-automotive/,Vishay official parametric table,官方网页抽取,2026-04-19 02:46,Vishay Automotive parametric table,61,,0.56,uH,,70,,"IHLP® Automotive Inductors, High Temperature (155 °C) Series 19.4 x 19.3 x 7.0",vishay_ihlp_power_inductors_automotive
Vishay(威世),IHLP-7575JZ-3A,IHLP-7575JZ-3A,,,,,,,Automotive power inductor,PageGroup=Automotive,https://www.vishay.com/en/inductors/ihlp-power-inductors-automotive/,"IHLP® Automotive Inductors, High Temperature (155 °C) Series 19.4 x 19.3 x 10.0",功率电感,SMT,7575,19.4 x 19.3 x 10.0 mm,L=3.3~22uH | Irms=38A | Isat=30.1A | Case=7575 | 19.4 x 19.3 x 10.0 mm | Temp=-55 to +155,Production,19.4,19.3,10.0,-55 to +155,https://www.vishay.com/en/inductors/ihlp-power-inductors-automotive/,Vishay official parametric table,官方网页抽取,2026-04-19 02:46,Vishay Automotive parametric table,38,,3.3,uH,,30.1,,"IHLP® Automotive Inductors, High Temperature (155 °C) Series 19.4 x 19.3 x 10.0",vishay_ihlp_power_inductors_automotive
Vishay(威世),IHLP-8787MZ-5A,IHLP-8787MZ-5A,,,,,,,Automotive power inductor,PageGroup=Automotive,https://www.vishay.com/en/inductors/ihlp-power-inductors-automotive/,"IHLP® Automotive Inductors, High Temperature (155 °C) Series 22.0 x 22.1 x 13.0",功率电感,SMT,8787,22 x 22.1 x 13.0 mm,L=0.47~100uH | Irms=80A | Isat=100A | Case=8787 | 22 x 22.1 x 13.0 mm | Temp=-55 to +155,Production,22,22.1,13.0,-55 to +155,https://www.vishay.com/en/inductors/ihlp-power-inductors-automotive/,Vishay official parametric table,官方网页抽取,2026-04-19 02:46,Vishay Automotive parametric table,80,,0.47,uH,,100,,"IHLP® Automotive Inductors, High Temperature (155 °C) Series 22.0 x 22.1 x 13.0",vishay_ihlp_power_inductors_automotive
Vishay(威世),IHLP1008ABEZ-5Z,IHLP1008ABEZ-5Z,,,,,,,Commercial/Industrial power inductor,PageGroup=Commercial/Industrial,https://www.vishay.com/en/inductors/ihlp-power-inductors/,"IHLP® Commercial Inductors, High Temperature (165 °C) Series 2.7 x 2.2 x 1.2",功率电感,SMT,1008,2.7 x 2.2 x 1.2 mm,L=0.15~2.2uH | Irms=6.5A | Isat=8.5A | Case=1008 | 2.7 x 2.2 x 1.2 mm | Temp=-55 to +165,Production,2.7,2.2,1.2,-55 to +165,https://www.vishay.com/en/inductors/ihlp-power-inductors/,Vishay official parametric table,官方网页抽取,2026-04-19 02:46,Vishay Commercial/Industrial parametric table,6.5,,0.15,uH,,8.5,,"IHLP® Commercial Inductors, High Temperature (165 °C) Series 2.7 x 2.2 x 1.2",vishay_ihlp_power_inductors
Vishay(威世),IHLP1210ABEZ-5A,IHLP1210ABEZ-5A,,,,,,,Automotive power inductor,PageGroup=Automotive,https://www.vishay.com/en/inductors/ihlp-power-inductors-automotive/,"IHLP® Automotive Power Inductors, High Temperature (165 °C)",功率电感,SMT,1210,,L=0.47~4.7uH | Irms=5.1A | Isat=6.5A | Case=1210 | Temp=-55 to +165,Production,,,,-55 to +165,https://www.vishay.com/en/inductors/ihlp-power-inductors-automotive/,Vishay official parametric table,官方网页抽取,2026-04-19 02:46,Vishay Automotive parametric table,5.1,,0.47,uH,,6.5,,"IHLP® Automotive Power Inductors, High Temperature (165 °C)",vishay_ihlp_power_inductors_automotive
Vishay(威世),IHLP1210ABEZ-5Z,IHLP1210ABEZ-5Z,,,,,,,Commercial/Industrial power inductor,PageGroup=Commercial/Industrial,https://www.vishay.com/en/inductors/ihlp-power-inductors/,"IHLP® Commercial Power Inductors, High Temperature (165 °C)",功率电感,SMT,1210,,L=0.47~4.7uH | Irms=5.1A | Isat=6.5A | Case=1210 | Temp=-55 to +165,Production,,,,-55 to +165,https://www.vishay.com/en/inductors/ihlp-power-inductors/,Vishay official parametric table,官方网页抽取,2026-04-19 02:46,Vishay Commercial/Industrial parametric table,5.1,,0.47,uH,,6.5,,"IHLP® Commercial Power Inductors, High Temperature (165 °C)",vishay_ihlp_power_inductors
Vishay(威世),IHLP1210BZEZ-5A,IHLP1210BZEZ-5A,,,,,,,Automotive power inductor,PageGroup=Automotive,https://www.vishay.com/en/inductors/ihlp-power-inductors-automotive/,"IHLP® Automotive Inductors, High Temperature (165 °C) Series",功率电感,SMT,1210,,L=0.47~4.7uH | Irms=12A | Isat=8.2A | Case=1210 | Temp=-55 to +165,Production,,,,-55 to +165,https://www.vishay.com/en/inductors/ihlp-power-inductors-automotive/,Vishay official parametric table,官方网页抽取,2026-04-19 02:46,Vishay Automotive parametric table,12,,0.47,uH,,8.2,,"IHLP® Automotive Inductors, High Temperature (165 °C) Series",vishay_ihlp_power_inductors_automotive
Vishay(威世),IHLP1210BZEZ-5Z,IHLP1210BZEZ-5Z,,,,,,,Commercial/Industrial power inductor,PageGroup=Commercial/Industrial,https://www.vishay.com/en/inductors/ihlp-power-inductors/,"IHLP® Commercial Inductors, High Temperature (165 °C) Series",功率电感,SMT,1210,,L=0.47~4.7uH | Irms=12A | Isat=8.2A | Case=1210 | Temp=-55 to +165,Production,,,,-55 to +165,https://www.vishay.com/en/inductors/ihlp-power-inductors/,Vishay official parametric table,官方网页抽取,2026-04-19 02:46,Vishay Commercial/Industrial parametric table,12,,0.47,uH,,8.2,,"IHLP® Commercial Inductors, High Temperature (165 °C) Series",vishay_ihlp_power_inductors
Vishay(威世),IHLP2020AB-01,IHLP2020AB-01,,,,,,,Commercial/Industrial power inductor,PageGroup=Commercial/Industrial,https://www.vishay.com/en/inductors/ihlp-power-inductors/,"IHLP® Commercial Inductors, High Saturation Series 5.7 x 5.4 x 1.2",功率电感,SMT,2020,5.7 x 5.4 x 1.2 mm,L=0.1~4.7uH | Irms=13.5A | Isat=35A | Case=2020 | 5.7 x 5.4 x 1.2 mm | Temp=-55 to +125,Production,5.7,5.4,1.2,-55 to +125,https://www.vishay.com/en/inductors/ihlp-power-inductors/,Vishay official parametric table,官方网页抽取,2026-04-19 02:46,Vishay Commercial/Industrial parametric table,13.5,,0.1,uH,,35,,"IHLP® Commercial Inductors, High Saturation Series 5.7 x 5.4 x 1.2",vishay_ihlp_power_inductors
Vishay(威世),IHLP2020AB-A1,IHLP2020AB-A1,,,,,,,Automotive power inductor,PageGroup=Automotive,https://www.vishay.com/en/inductors/ihlp-power-inductors-automotive/,"IHLP® Automotive Inductors, High Saturation Series 5.7 x 5.4 x 1.2",功率电感,SMT,2020,5.7 x 5.4 x 1.2 mm,L=0.1~4.7uH | Irms=13.5A | Isat=35A | Case=2020 | 5.7 x 5.4 x 1.2 mm | Temp=-55 to +125,Production,5.7,5.4,1.2,-55 to +125,https://www.vishay.com/en/inductors/ihlp-power-inductors-automotive/,Vishay official parametric table,官方网页抽取,2026-04-19 02:46,Vishay Automotive parametric table,13.5,,0.1,uH,,35,,"IHLP® Automotive Inductors, High Saturation Series 5.7 x 5.4 x 1.2",vishay_ihlp_power_inductors_automotive
Vishay(威世),IHLP2020BZ-01,IHLP2020BZ-01,,,,,,,Commercial/Industrial power inductor,PageGroup=Commercial/Industrial,https://www.vishay.com/en/inductors/ihlp-power-inductors/,"IHLP® Commercial Inductors, High Saturation Series 5.7 x 5.4 x 2.0",功率电感,SMT,2020,5.7 x 5.4 x 2.0 mm,L=0.1~10uH | Irms=17A | Isat=45A | Case=2020 | 5.7 x 5.4 x 2.0 mm | Temp=-55 to +125,Production,5.7,5.4,2.0,-55 to +125,https://www.vishay.com/en/inductors/ihlp-power-inductors/,Vishay official parametric table,官方网页抽取,2026-04-19 02:46,Vishay Commercial/Industrial parametric table,17,,0.1,uH,,45,,"IHLP® Commercial Inductors, High Saturation Series 5.7 x 5.4 x 2.0",vishay_ihlp_power_inductors
Vishay(威世),IHLP3232CZ-01,IHLP3232CZ-01,,,,,,,Commercial/Industrial power inductor,PageGroup=Commercial/Industrial,https://www.vishay.com/en/inductors/ihlp-power-inductors/,"IHLP® Commercial Inductors, High Saturation Series 8.0 x 8.0 x 3.0",功率电感,SMT,3232,8 x 8 x 3.0 mm,L=0.22~10uH | Irms=32A | Isat=43A | Case=3232 | 8 x 8 x 3.0 mm | Temp=-55 to +125,Production,8,8,3.0,-55 to +125,https://www.vishay.com/en/inductors/ihlp-power-inductors/,Vishay official parametric table,官方网页抽取,2026-04-19 02:46,Vishay Commercial/Industrial parametric table,32,,0.22,uH,,43,,"IHLP® Commercial Inductors, High Saturation Series 8.0 x 8.0 x 3.0",vishay_ihlp_power_inductors
Vishay(威世),IHLP3232CZ-11,IHLP3232CZ-11,,,,,,,Commercial/Industrial power inductor,PageGroup=Commercial/Industrial,https://www.vishay.com/en/inductors/ihlp-power-inductors/,"IHLP® Commercial Inductors, Low DCR Series 8.0 x 8.0 x 3.0",功率电感,SMT,3232,8 x 8 x 3.0 mm,L=0.22~33uH | Irms=36A | Isat=24A | Case=3232 | 8 x 8 x 3.0 mm | Temp=-55 to +125,Production,8,8,3.0,-55 to +125,https://www.vishay.com/en/inductors/ihlp-power-inductors/,Vishay official parametric table,官方网页抽取,2026-04-19 02:46,Vishay Commercial/Industrial parametric table,36,,0.22,uH,,24,,"IHLP® Commercial Inductors, Low DCR Series 8.0 x 8.0 x 3.0",vishay_ihlp_power_inductors
Vishay(威世),IHLP3232CZ-1A,IHLP3232CZ-1A,,,,,,,Automotive power inductor,PageGroup=Automotive,https://www.vishay.com/en/inductors/ihlp-power-inductors-automotive/,"IHLP® Automotive Inductors, Low DCR Series 8.0 x 8.0 x 3.0",功率电感,SMT,3232,8 x 8 x 3.0 mm,L=0.22~22uH | Irms=36A | Isat=24A | Case=3232 | 8 x 8 x 3.0 mm | Temp=-55 to +125,Production,8,8,3.0,-55 to +125,https://www.vishay.com/en/inductors/ihlp-power-inductors-automotive/,Vishay official parametric table,官方网页抽取,2026-04-19 02:46,Vishay Automotive parametric table,36,,0.22,uH,,24,,"IHLP® Automotive Inductors, Low DCR Series 8.0 x 8.0 x 3.0",vishay_ihlp_power_inductors_automotive
Vishay(威世),IHLP3232CZ-A1,IHLP3232CZ-A1,,,,,,,Automotive power inductor,PageGroup=Automotive,https://www.vishay.com/en/inductors/ihlp-power-inductors-automotive/,"IHLP® Automotive Inductors, High Saturation Series 8.0 x 8.0 x 3.0",功率电感,SMT,3232,8 x 8 x 3.0 mm,L=0.22~10uH | Irms=32A | Isat=43A | Case=3232 | 8 x 8 x 3.0 mm | Temp=-55 to +125,Production,8,8,3.0,-55 to +125,https://www.vishay.com/en/inductors/ihlp-power-inductors-automotive/,Vishay official parametric table,官方网页抽取,2026-04-19 02:46,Vishay Automotive parametric table,32,,0.22,uH,,43,,"IHLP® Automotive Inductors, High Saturation Series 8.0 x 8.0 x 3.0",vishay_ihlp_power_inductors_automotive
Vishay(威世),IHLP3232DZ-01,IHLP3232DZ-01,,,,,,,Commercial/Industrial power inductor,PageGroup=Commercial/Industrial,https://www.vishay.com/en/inductors/ihlp-power-inductors/,"IHLP® Commercial Inductors, High Saturation Series 8.0 x 8.0 x 4.0",功率电感,SMT,3232,8 x 8 x 4.0 mm,L=0.22~10uH | Irms=30.7A | Isat=45A | Case=3232 | 8 x 8 x 4.0 mm | Temp=-55 to +125,Production,8,8,4.0,-55 to +125,https://www.vishay.com/en/inductors/ihlp-power-inductors/,Vishay official parametric table,官方网页抽取,2026-04-19 02:46,Vishay Commercial/Industrial parametric table,30.7,,0.22,uH,,45,,"IHLP® Commercial Inductors, High Saturation Series 8.0 x 8.0 x 4.0",vishay_ihlp_power_inductors
Vishay(威世),IHLP3232DZ-11,IHLP3232DZ-11,,,,,,,Commercial/Industrial power inductor,PageGroup=Commercial/Industrial,https://www.vishay.com/en/inductors/ihlp-power-inductors/,"IHLP® Commercial Inductors, Low DCR Series 8.0 x 8.0 x 4.0",功率电感,SMT,3232,8 x 8 x 4.0 mm,L=0.22~33uH | Irms=34A | Isat=22A | Case=3232 | 8 x 8 x 4.0 mm | Temp=-55 to +125,Production,8,8,4.0,-55 to +125,https://www.vishay.com/en/inductors/ihlp-power-inductors/,Vishay official parametric table,官方网页抽取,2026-04-19 02:46,Vishay Commercial/Industrial parametric table,34,,0.22,uH,,22,,"IHLP® Commercial Inductors, Low DCR Series 8.0 x 8.0 x 4.0",vishay_ihlp_power_inductors
Vishay(威世),IHLP3232DZ-1A,IHLP3232DZ-1A,,,,,,,Automotive power inductor,PageGroup=Automotive,https://www.vishay.com/en/inductors/ihlp-power-inductors-automotive/,"IHLP® Automotive Inductors, Low DCR Series 8.0 x 8.0 x 4.0",功率电感,SMT,3232,8 x 8 x 4.0 mm,L=0.22~33uH | Irms=34A | Isat=22A | Case=3232 | 8 x 8 x 4.0 mm | Temp=-55 to +125,Production,8,8,4.0,-55 to +125,https://www.vishay.com/en/inductors/ihlp-power-inductors-automotive/,Vishay official parametric table,官方网页抽取,2026-04-19 02:46,Vishay Automotive parametric table,34,,0.22,uH,,22,,"IHLP® Automotive Inductors, Low DCR Series 8.0 x 8.0 x 4.0",vishay_ihlp_power_inductors_automotive
Vishay(威世),IHLP3232DZ-51,IHLP3232DZ-51,,,,,,,Commercial/Industrial power inductor,PageGroup=Commercial/Industrial,https://www.vishay.com/en/inductors/ihlp-power-inductors/,"IHLP® Commercial Inductors, High Temperature (155 °C) Series 8.0 x 8.0 x 4.0",功率电感,SMT,3232,8 x 8 x 4.0 mm,L=0.22~33uH | Irms=36A | Isat=32A | Case=3232 | 8 x 8 x 4.0 mm | Temp=-55 to +155,Production,8,8,4.0,-55 to +155,https://www.vishay.com/en/inductors/ihlp-power-inductors/,Vishay official parametric table,官方网页抽取,2026-04-19 02:46,Vishay Commercial/Industrial parametric table,36,,0.22,uH,,32,,"IHLP® Commercial Inductors, High Temperature (155 °C) Series 8.0 x 8.0 x 4.0",vishay_ihlp_power_inductors
Vishay(威世),IHLP3232DZ-5A,IHLP3232DZ-5A,,,,,,,Automotive power inductor,PageGroup=Automotive,https://www.vishay.com/en/inductors/ihlp-power-inductors-automotive/,"IHLP® Automotive Inductors, High Temperature (155 °C) Series 8.0 x 8.0 x 4.0",功率电感,SMT,3232,8 x 8 x 4.0 mm,L=0.22~33uH | Irms=36A | Isat=32A | Case=3232 | 8 x 8 x 4.0 mm | Temp=-55 to +155,Production,8,8,4.0,-55 to +155,https://www.vishay.com/en/inductors/ihlp-power-inductors-automotive/,Vishay official parametric table,官方网页抽取,2026-04-19 02:46,Vishay Automotive parametric table,36,,0.22,uH,,32,,"IHLP® Automotive Inductors, High Temperature (155 °C) Series 8.0 x 8.0 x 4.0",vishay_ihlp_power_inductors_automotive
Vishay(威世),IHLP3232DZ-8A,IHLP3232DZ-8A,,,,,,,Automotive power inductor,PageGroup=Automotive,https://www.vishay.com/en/inductors/ihlp-power-inductors-automotive/,"IHLP® Automotive Inductors, High Temperature (180 °C) Series 8.0 x 8.0 x 4.0",功率电感,SMT,3232,8 x 8 x 4.0 mm,L=0.22~33uH | Irms=36A | Isat=32A | Case=3232 | 8 x 8 x 4.0 mm | Temp=-55 to +180,Production,8,8,4.0,-55 to +180,https://www.vishay.com/en/inductors/ihlp-power-inductors-automotive/,Vishay official parametric table,官方网页抽取,2026-04-19 02:46,Vishay Automotive parametric table,36,,0.22,uH,,32,,"IHLP® Automotive Inductors, High Temperature (180 °C) Series 8.0 x 8.0 x 4.0",vishay_ihlp_power_inductors_automotive
Vishay(威世),IHLP3232DZ-A1,IHLP3232DZ-A1,,,,,,,Automotive power inductor,PageGroup=Automotive,https://www.vishay.com/en/inductors/ihlp-power-inductors-automotive/,"IHLP® Automotive Inductors, High Saturation Series 8.0 x 8.0 x 4.0",功率电感,SMT,3232,8 x 8 x 4.0 mm,L=0.22~10uH | Irms=30.7A | Isat=45A | Case=3232 | 8 x 8 x 4.0 mm | Temp=-55 to +125,Production,8,8,4.0,-55 to +125,https://www.vishay.com/en/inductors/ihlp-power-inductors-automotive/,Vishay official parametric table,官方网页抽取,2026-04-19 02:46,Vishay Automotive parametric table,30.7,,0.22,uH,,45,,"IHLP® Automotive Inductors, High Saturation Series 8.0 x 8.0 x 4.0",vishay_ihlp_power_inductors_automotive
Vishay(威世),IHLP5050EZ-5A,IHLP5050EZ-5A,,,,,,,Automotive power inductor,PageGroup=Automotive,https://www.vishay.com/en/inductors/ihlp-power-inductors-automotive/,"IHLP® Automotive Inductors, High Temperature (155 °C) Series 13.6 x 12.9 x 5.0",功率电感,SMT,5050,13.6 x 12.9 x 5.0 mm,L=0.22~82uH | Irms=68.18A | Isat=69.24A | Case=5050 | 13.6 x 12.9 x 5.0 mm | Temp=-55 to +155,Production,13.6,12.9,5.0,-55 to +155,https://www.vishay.com/en/inductors/ihlp-power-inductors-automotive/,Vishay official parametric table,官方网页抽取,2026-04-19 02:46,Vishay Automotive parametric table,68.18,,0.22,uH,,69.24,,"IHLP® Automotive Inductors, High Temperature (155 °C) Series 13.6 x 12.9 x 5.0",vishay_ihlp_power_inductors_automotive
Vishay(威世),IHLP5050EZ-A1,IHLP5050EZ-A1,,,,,,,Automotive power inductor,PageGroup=Automotive,https://www.vishay.com/en/inductors/ihlp-power-inductors-automotive/,"IHLP® Automotive Inductors, High Saturation Series 13.6 x 12.9 x 5.0",功率电感,SMT,5050,13.6 x 12.9 x 5.0 mm,L=0.1~15uH | Irms=55A | Isat=118A | Case=5050 | 13.6 x 12.9 x 5.0 mm | Temp=-55 to +125,Production,13.6,12.9,5.0,-55 to +125,https://www.vishay.com/en/inductors/ihlp-power-inductors-automotive/,Vishay official parametric table,官方网页抽取,2026-04-19 02:46,Vishay Automotive parametric table,55,,0.1,uH,,118,,"IHLP® Automotive Inductors, High Saturation Series 13.6 x 12.9 x 5.0",vishay_ihlp_power_inductors_automotive
Vishay(威世),IHLP5050FD-01,IHLP5050FD-01,,,,,,,Commercial/Industrial power inductor,PageGroup=Commercial/Industrial,https://www.vishay.com/en/inductors/ihlp-power-inductors/,"IHLP® Commercial Inductors, High Saturation Series 13.6 x 12.9 x 6.5 / 6.4",功率电感,SMT,5050,13.6 x 12.9 x 6.5 / 6.4 mm,L=0.1~10uH | Irms=60A | Isat=120A | Case=5050 | 13.6 x 12.9 x 6.5 / 6.4 mm | Temp=-55 to +125,Production,13.6,12.9,6.5 / 6.4,-55 to +125,https://www.vishay.com/en/inductors/ihlp-power-inductors/,Vishay official parametric table,官方网页抽取,2026-04-19 02:46,Vishay Commercial/Industrial parametric table,60,,0.1,uH,,120,,"IHLP® Commercial Inductors, High Saturation Series 13.6 x 12.9 x 6.5 / 6.4",vishay_ihlp_power_inductors
Vishay(威世),IHLP5050FD-0P,IHLP5050FD-0P,,,,,,,Commercial/Industrial power inductor,PageGroup=Commercial/Industrial,https://www.vishay.com/en/inductors/ihlp-power-inductors/,"IHLP® Commercial Inductors, Low AC Loss, High Temperature (155 °C) Series 13.6 x 12.9 x 6.5 / 6.4",功率电感,SMT,5050,13.6 x 12.9 x 6.5 / 6.4 mm,L=1~10uH | Irms=37.9A | Isat=36.5A | Case=5050 | 13.6 x 12.9 x 6.5 / 6.4 mm | Temp=-55 to +155,Production,13.6,12.9,6.5 / 6.4,-55 to +155,https://www.vishay.com/en/inductors/ihlp-power-inductors/,Vishay official parametric table,官方网页抽取,2026-04-19 02:46,Vishay Commercial/Industrial parametric table,37.9,,1,uH,,36.5,,"IHLP® Commercial Inductors, Low AC Loss, High Temperature (155 °C) Series 13.6 x 12.9 x 6.5 / 6.4",vishay_ihlp_power_inductors
Vishay(威世),IHLP5050FD-5A,IHLP5050FD-5A,,,,,,,Automotive power inductor,PageGroup=Automotive,https://www.vishay.com/en/inductors/ihlp-power-inductors-automotive/,"IHLP® Automotive Inductors, High Temperature (155 °C) Series 13.6 x 12.9 x 6.5 / 6.4",功率电感,SMT,5050,13.6 x 12.9 x 6.5 / 6.4 mm,L=0.22~100uH | Irms=66A | Isat=68A | Case=5050 | 13.6 x 12.9 x 6.5 / 6.4 mm | Temp=-55 to +155,Production,13.6,12.9,6.5 / 6.4,-55 to +155,https://www.vishay.com/en/inductors/ihlp-power-inductors-automotive/,Vishay official parametric table,官方网页抽取,2026-04-19 02:46,Vishay Automotive parametric table,66,,0.22,uH,,68,,"IHLP® Automotive Inductors, High Temperature (155 °C) Series 13.6 x 12.9 x 6.5 / 6.4",vishay_ihlp_power_inductors_automotive
Vishay(威世),IHLP5050FD-8A,IHLP5050FD-8A,,,,,,,Automotive power inductor,PageGroup=Automotive,https://www.vishay.com/en/inductors/ihlp-power-inductors-automotive/,"IHLP® Automotive Inductors, High Temperature (180 °C) Series 13.6 x 12.9 x 6.5 / 6.4",功率电感,SMT,5050,13.6 x 12.9 x 6.5 / 6.4 mm,L=0.22~100uH | Irms=66A | Isat=68A | Case=5050 | 13.6 x 12.9 x 6.5 / 6.4 mm | Temp=-55 to +180,Production,13.6,12.9,6.5 / 6.4,-55 to +180,https://www.vishay.com/en/inductors/ihlp-power-inductors-automotive/,Vishay official parametric table,官方网页抽取,2026-04-19 02:46,Vishay Automotive parametric table,66,,0.22,uH,,68,,"IHLP® Automotive Inductors, High Temperature (180 °C) Series 13.6 x 12.9 x 6.5 / 6.4",vishay_ihlp_power_inductors_automotive
Vishay(威世),IHLP5050FD-A1,IHLP5050FD-A1,,,,,,,Automotive power inductor,PageGroup=Automotive,https://www.vishay.com/en/inductors/ihlp-power-inductors-automotive/,"IHLP® Automotive Inductors, High Saturation Series 13.6 x 12.9 x 6.5 / 6.4",功率电感,SMT,5050,13.6 x 12.9 x 6.5 / 6.4 mm,L=0.1~15uH | Irms=60A | Isat=120A | Case=5050 | 13.6 x 12.9 x 6.5 / 6.4 mm | Temp=-55 to +125,Production,13.6,12.9,6.5 / 6.4,-55 to +125,https://www.vishay.com/en/inductors/ihlp-power-inductors-automotive/,Vishay official parametric table,官方网页抽取,2026-04-19 02:46,Vishay Automotive parametric table,60,,0.1,uH,,120,,"IHLP® Automotive Inductors, High Saturation Series 13.6 x 12.9 x 6.5 / 6.4",vishay_ihlp_power_inductors_automotive
Vishay(威世),IHLP5050FD-AP,IHLP5050FD-AP,,,,,,,Automotive power inductor,PageGroup=Automotive,https://www.vishay.com/en/inductors/ihlp-power-inductors-automotive/,"IHLP® Automotive Inductors, Low AC Loss, High Temperature (155 °C) Series 13.6 x 12.9 x 6.5 / 6.4",功率电感,SMT,5050,13.6 x 12.9 x 6.5 / 6.4 mm,L=1~10uH | Irms=37.9A | Isat=36.5A | Case=5050 | 13.6 x 12.9 x 6.5 / 6.4 mm | Temp=-55 to +155,Production,13.6,12.9,6.5 / 6.4,-55 to +155,https://www.vishay.com/en/inductors/ihlp-power-inductors-automotive/,Vishay official parametric table,官方网页抽取,2026-04-19 02:46,Vishay Automotive parametric table,37.9,,1,uH,,36.5,,"IHLP® Automotive Inductors, Low AC Loss, High Temperature (155 °C) Series 13.6 x 12.9 x 6.5 / 6.4",vishay_ihlp_power_inductors_automotive
Vishay(威世),IHLP505WFD-5A,IHLP505WFD-5A,,,,,,,Automotive power inductor,PageGroup=Automotive,https://www.vishay.com/en/inductors/ihlp-power-inductors-automotive/,"IHLP® Automotive Inductors, Wide Terminal for High Shock and Vibration",功率电感,SMT,505W,,L=0.22~100uH | Irms=66A | Isat=68A | Case=505W | Temp=-55 to +155,Production,,,,-55 to +155,https://www.vishay.com/en/inductors/ihlp-power-inductors-automotive/,Vishay official parametric table,官方网页抽取,2026-04-19 02:46,Vishay Automotive parametric table,66,,0.22,uH,,68,,"IHLP® Automotive Inductors, Wide Terminal for High Shock and Vibration",vishay_ihlp_power_inductors_automotive
Vishay(威世),IHLP6767GZ-1A,IHLP6767GZ-1A,,,,,,,Automotive power inductor,PageGroup=Automotive,https://www.vishay.com/en/inductors/ihlp-power-inductors-automotive/,"IHLP® Automotive Inductors, Low DCR Series 17.9 x 17.1 x 7.0",功率电感,SMT,6767,17.9 x 17.1 x 7.0 mm,L=0.33~100uH | Irms=75.5A | Isat=66A | Case=6767 | 17.9 x 17.1 x 7.0 mm | Temp=-55 to +125,Production,17.9,17.1,7.0,-55 to +125,https://www.vishay.com/en/inductors/ihlp-power-inductors-automotive/,Vishay official parametric table,官方网页抽取,2026-04-19 02:46,Vishay Automotive parametric table,75.5,,0.33,uH,,66,,"IHLP® Automotive Inductors, Low DCR Series 17.9 x 17.1 x 7.0",vishay_ihlp_power_inductors_automotive
Vishay(威世),IHLW-4040CF-11,IHLW-4040CF-11,,,,,,,Commercial/Industrial power inductor,PageGroup=Commercial/Industrial,https://www.vishay.com/en/inductors/ihlp-power-inductors/,"Low Profile, High Current Inductor - Winged Terminals 11.5 x 10.3 x",功率电感,SMT,4040,11.5 x 10.3 x 3.6 mm,L=0.1~2.2uH | Irms=55A | Isat=48A | Case=4040 | 11.5 x 10.3 x 3.6 mm | Temp=-55 to +125,Production,11.5,10.3,3.6,-55 to +125,https://www.vishay.com/en/inductors/ihlp-power-inductors/,Vishay official parametric table,官方网页抽取,2026-04-19 02:46,Vishay Commercial/Industrial parametric table,55,,0.1,uH,,48,,"Low Profile, High Current Inductor - Winged Terminals 11.5 x 10.3 x",vishay_ihlp_power_inductors
Vishay(威世),IHLW-5050CE-01,IHLW-5050CE-01,,,,,,,Commercial/Industrial power inductor,PageGroup=Commercial/Industrial,https://www.vishay.com/en/inductors/ihlp-power-inductors/,"Low Profile, High Current Inductors - Winged Terminals 13.6 x 12.9 x 3.5",功率电感,SMT,5050,13.6 x 12.9 x 3.5 mm,L=0.1~10uH | Irms=43A | Isat=84A | Case=5050 | 13.6 x 12.9 x 3.5 mm | Temp=-55 to +125,Production,13.6,12.9,3.5,-55 to +125,https://www.vishay.com/en/inductors/ihlp-power-inductors/,Vishay official parametric table,官方网页抽取,2026-04-19 02:46,Vishay Commercial/Industrial parametric table,43,,0.1,uH,,84,,"Low Profile, High Current Inductors - Winged Terminals 13.6 x 12.9 x 3.5",vishay_ihlp_power_inductors
Vishay(威世),IHPT-A,IHPT-A,,,,,,,Automotive power inductor,PageGroup=Automotive,https://www.vishay.com/en/inductors/ihlp-power-inductors-automotive/,Vishay automotive power inductor series,功率电感,SMT,,,Temp=-40 to +105,Production,,,,-40 to +105,https://www.vishay.com/en/inductors/ihlp-power-inductors-automotive/,Vishay official parametric table,官方网页抽取,2026-04-19 02:46,Vishay Automotive parametric table,,,,,,,,Vishay automotive power inductor series,vishay_ihlp_power_inductors_automotive
Vishay(威世),IHSR-1616AB-01,IHSR-1616AB-01,,,,,,,Commercial/Industrial power inductor,PageGroup=Commercial/Industrial,https://www.vishay.com/en/inductors/ihlp-power-inductors/,"Commercial Power Inductors, Ultra Low DCR, High Saturation Series 4.7 x 4.3 x 1.2",功率电感,SMT,1616,4.7 x 4.3 x 1.2 mm,L=0.033~0.068uH | Irms=37A | Isat=41A | Case=1616 | 4.7 x 4.3 x 1.2 mm | Temp=-55 to +125,Production,4.7,4.3,1.2,-55 to +125,https://www.vishay.com/en/inductors/ihlp-power-inductors/,Vishay official parametric table,官方网页抽取,2026-04-19 02:46,Vishay Commercial/Industrial parametric table,37,,0.033,uH,,41,,"Commercial Power Inductors, Ultra Low DCR, High Saturation Series 4.7 x 4.3 x 1.2",vishay_ihlp_power_inductors
Vishay(威世),IHSR-1616AB-A1,IHSR-1616AB-A1,,,,,,,Automotive power inductor,PageGroup=Automotive,https://www.vishay.com/en/inductors/ihlp-power-inductors-automotive/,"Automotive Power Inductors, Ultra Low DCR, High Saturation Series 4.7 x 4.3 x 1.2",功率电感,SMT,1616,4.7 x 4.3 x 1.2 mm,L=0.033~0.068uH | Irms=37A | Isat=41A | Case=1616 | 4.7 x 4.3 x 1.2 mm | Temp=-55 to +125,Production,4.7,4.3,1.2,-55 to +125,https://www.vishay.com/en/inductors/ihlp-power-inductors-automotive/,Vishay official parametric table,官方网页抽取,2026-04-19 02:46,Vishay Automotive parametric table,37,,0.033,uH,,41,,"Automotive Power Inductors, Ultra Low DCR, High Saturation Series 4.7 x 4.3 x 1.2",vishay_ihlp_power_inductors_automotive
Vishay(威世),IHSR-4040DZ-5A,IHSR-4040DZ-5A,,,,,,,Automotive power inductor,PageGroup=Automotive,https://www.vishay.com/en/inductors/ihlp-power-inductors-automotive/,"Automotive Inductors, High Temperature (155 °C) Series 11.5 x 10.3 x 4.0",功率电感,SMT,4040,11.5 x 10.3 x 4.0 mm,L=0.13uH | Irms=72A | Isat=63A | Case=4040 | 11.5 x 10.3 x 4.0 mm | Temp=-55 to +155,Production,11.5,10.3,4.0,-55 to +155,https://www.vishay.com/en/inductors/ihlp-power-inductors-automotive/,Vishay official parametric table,官方网页抽取,2026-04-19 02:46,Vishay Automotive parametric table,72,,0.13,uH,,63,,"Automotive Inductors, High Temperature (155 °C) Series 11.5 x 10.3 x 4.0",vishay_ihlp_power_inductors_automotive
Vishay(威世),IHSR-6767GZ-5A,IHSR-6767GZ-5A,,,,,,,Automotive power inductor,PageGroup=Automotive,https://www.vishay.com/en/inductors/ihlp-power-inductors-automotive/,"Automotive Inductor, Ultra Low DCR, High Temperature (155 °C) Series 17.9 x 17.1 x 7.0",功率电感,SMT,6767,17.9 x 17.1 x 7.0 mm,L=0.22uH | Irms=100A | Isat=107A | Case=6767 | 17.9 x 17.1 x 7.0 mm | Temp=-55 to +155,Production,17.9,17.1,7.0,-55 to +155,https://www.vishay.com/en/inductors/ihlp-power-inductors-automotive/,Vishay official parametric table,官方网页抽取,2026-04-19 02:46,Vishay Automotive parametric table,100,,0.22,uH,,107,,"Automotive Inductor, Ultra Low DCR, High Temperature (155 °C) Series 17.9 x 17.1 x 7.0",vishay_ihlp_power_inductors_automotive
Vishay(威世),IHSR2020-A,IHSR2020-A,,,,,,,Automotive power inductor,PageGroup=Automotive,https://www.vishay.com/en/inductors/ihlp-power-inductors-automotive/,"Automotive Inductors, Low Inductance, Ultra Low DCR With Options Between High Temperature 155 °C and High Saturation Rating 5.7 x 5.4 x 3.0",功率电感,SMT,2020,5.7 x 5.4 x 3.0 mm,L=0.056~0.14uH | Irms=65A | Isat=73A | Case=2020 | 5.7 x 5.4 x 3.0 mm | Temp=-55 to +125,Production,5.7,5.4,3.0,-55 to +125,https://www.vishay.com/en/inductors/ihlp-power-inductors-automotive/,Vishay official parametric table,官方网页抽取,2026-04-19 02:46,Vishay Automotive parametric table,65,,0.056,uH,,73,,"Automotive Inductors, Low Inductance, Ultra Low DCR With Options Between High Temperature 155 °C and High Saturation Rating 5.7 x 5.4 x 3.0",vishay_ihlp_power_inductors_automotive
Vishay(威世),IHSR2525-A,IHSR2525-A,,,,,,,Automotive power inductor,PageGroup=Automotive,https://www.vishay.com/en/inductors/ihlp-power-inductors-automotive/,"Automotive Inductors, Low Inductance, Ultra Low DCR With Options Between High Temperature 155 °C and High Saturation Rating 7.2 x 6.7 x 3.0",功率电感,SMT,2525,7.2 x 6.7 x 3.0 mm,L=0.056~0.1uH | Irms=58A | Isat=62A | Case=2525 | 7.2 x 6.7 x 3.0 mm | Temp=-55 to +125,Production,7.2,6.7,3.0,-55 to +125,https://www.vishay.com/en/inductors/ihlp-power-inductors-automotive/,Vishay official parametric table,官方网页抽取,2026-04-19 02:46,Vishay Automotive parametric table,58,,0.056,uH,,62,,"Automotive Inductors, Low Inductance, Ultra Low DCR With Options Between High Temperature 155 °C and High Saturation Rating 7.2 x 6.7 x 3.0",vishay_ihlp_power_inductors_automotive
Vishay(威世),IHSR2525CZ-A1,IHSR2525CZ-A1,,,,,,,Automotive power inductor,PageGroup=Automotive,https://www.vishay.com/en/inductors/ihlp-power-inductors-automotive/,x,功率电感,SMT,2525,,L=0.08uH | Irms=46A | Isat=62A | Case=2525 | Temp=-55 to +125,Production,,,,-55 to +125,https://www.vishay.com/en/inductors/ihlp-power-inductors-automotive/,Vishay official parametric table,官方网页抽取,2026-04-19 02:46,Vishay Automotive parametric table,46,,0.08,uH,,62,,x,vishay_ihlp_power_inductors_automotive
Vishay(威世),IHTH-0750IZ-5A,IHTH-0750IZ-5A,,,,,,,Automotive power inductor,PageGroup=Automotive,https://www.vishay.com/en/inductors/ihlp-power-inductors-automotive/,"Automotive High Current, Radial, Through-Hole Power Inductor",功率电感,THT,0750,,L=0.47~100uH | Irms=83A | Isat=44A | Case=0750 | Temp=-55 to +155,Production,,,,-55 to +155,https://www.vishay.com/en/inductors/ihlp-power-inductors-automotive/,Vishay official parametric table,官方网页抽取,2026-04-19 02:46,Vishay Automotive parametric table,83,,0.47,uH,,44,,"Automotive High Current, Radial, Through-Hole Power Inductor",vishay_ihlp_power_inductors_automotive
Vishay(威世),IHTH-1125KZ-5A,IHTH-1125KZ-5A,,,,,,,Automotive power inductor,PageGroup=Automotive,https://www.vishay.com/en/inductors/ihlp-power-inductors-automotive/,"Automotive High Current, Radial, Through-Hole Power Inductor",功率电感,THT,1125,,L=0.47~100uH | Irms=125A | Isat=112A | Case=1125 | Temp=-55 to +155,Production,,,,-55 to +155,https://www.vishay.com/en/inductors/ihlp-power-inductors-automotive/,Vishay official parametric table,官方网页抽取,2026-04-19 02:46,Vishay Automotive parametric table,125,,0.47,uH,,112,,"Automotive High Current, Radial, Through-Hole Power Inductor",vishay_ihlp_power_inductors_automotive
Vishay(威世),IHXL-2000VZ-5A,IHXL-2000VZ-5A,,,,,,,Automotive power inductor,PageGroup=Automotive,https://www.vishay.com/en/inductors/ihlp-power-inductors-automotive/,"Automotive, High Current, Radial, Through-Hole Inductor, High Temperature (155 °C)",功率电感,THT,2000,,L=2.2uH | Irms=187A | Isat=190A | Case=2000 | Temp=-55 to +155,Production,,,,-55 to +155,https://www.vishay.com/en/inductors/ihlp-power-inductors-automotive/,Vishay official parametric table,官方网页抽取,2026-04-19 02:46,Vishay Automotive parametric table,187,,2.2,uH,,190,,"Automotive, High Current, Radial, Through-Hole Inductor, High Temperature (155 °C)",vishay_ihlp_power_inductors_automotive
Vishay(威世),IHXL1100OZ-3A,IHXL1100OZ-3A,,,,,,,Automotive power inductor,PageGroup=Automotive,https://www.vishay.com/en/inductors/ihlp-power-inductors-automotive/,"Automotive, High Current, Radial, Through-Hole Inductor, High Temperature (155 °C)",功率电感,THT,1100,,L=1~10uH | Irms=138A | Isat=102A | Case=1100 | Temp=-55 to +155,Production,,,,-55 to +155,https://www.vishay.com/en/inductors/ihlp-power-inductors-automotive/,Vishay official parametric table,官方网页抽取,2026-04-19 02:46,Vishay Automotive parametric table,138,,1,uH,,102,,"Automotive, High Current, Radial, Through-Hole Inductor, High Temperature (155 °C)",vishay_ihlp_power_inductors_automotive
Vishay(威世),IHXL1500VZ-3A,IHXL1500VZ-3A,,,,,,,Automotive power inductor,PageGroup=Automotive,https://www.vishay.com/en/inductors/ihlp-power-inductors-automotive/,"Automotive, High Current, Radial, Through-Hole Inductor, High Temperature (155 °C)",功率电感,THT,1500,,L=0.68~10uH | Irms=180A | Isat=235A | Case=1500 | Temp=-55 to +155,Production,,,,-55 to +155,https://www.vishay.com/en/inductors/ihlp-power-inductors-automotive/,Vishay official parametric table,官方网页抽取,2026-04-19 02:46,Vishay Automotive parametric table,180,,0.68,uH,,235,,"Automotive, High Current, Radial, Through-Hole Inductor, High Temperature (155 °C)",vishay_ihlp_power_inductors_automotive
Vishay(威世),IHXL2000VZ-3A,IHXL2000VZ-3A,,,,,,,Automotive power inductor,PageGroup=Automotive,https://www.vishay.com/en/inductors/ihlp-power-inductors-automotive/,"Automotive, High Current, Radial, Through-Hole Inductor, High Temperature (155 °C)",功率电感,THT,2000,,L=1.2~10uH | Irms=209A | Isat=243A | Case=2000 | Temp=-55 to +155,Production,,,,-55 to +155,https://www.vishay.com/en/inductors/ihlp-power-inductors-automotive/,Vishay official parametric table,官方网页抽取,2026-04-19 02:46,Vishay Automotive parametric table,209,,1.2,uH,,243,,"Automotive, High Current, Radial, Through-Hole Inductor, High Temperature (155 °C)",vishay_ihlp_power_inductors_automotive
Vishay(威世),ILHB-0402,ILHB-0402,,,,,,,Automotive power inductor,PageGroup=Automotive,https://www.vishay.com/en/inductors/ihlp-power-inductors-automotive/,Vishay automotive power inductor series,功率电感,SMT,0402,,Irms=3.1A | Case=0402 | Temp=-55 to +125,Production,,,,-55 to +125,https://www.vishay.com/en/inductors/ihlp-power-inductors-automotive/,Vishay official parametric table,官方网页抽取,2026-04-19 02:46,Vishay Automotive parametric table,3.1,,,,,,,Vishay automotive power inductor series,vishay_ihlp_power_inductors_automotive
Vishay(威世),ILHB-0603,ILHB-0603,,,,,,,Automotive power inductor,PageGroup=Automotive,https://www.vishay.com/en/inductors/ihlp-power-inductors-automotive/,Vishay automotive power inductor series,功率电感,SMT,0603,,Irms=6A | Case=0603 | Temp=-55 to +125,Production,,,,-55 to +125,https://www.vishay.com/en/inductors/ihlp-power-inductors-automotive/,Vishay official parametric table,官方网页抽取,2026-04-19 02:46,Vishay Automotive parametric table,6,,,,,,,Vishay automotive power inductor series,vishay_ihlp_power_inductors_automotive
Vishay(威世),ILHB-0805,ILHB-0805,,,,,,,Automotive power inductor,PageGroup=Automotive,https://www.vishay.com/en/inductors/ihlp-power-inductors-automotive/,Vishay automotive power inductor series,功率电感,SMT,0805,,Irms=6A | Case=0805 | Temp=-55 to +125,Production,,,,-55 to +125,https://www.vishay.com/en/inductors/ihlp-power-inductors-automotive/,Vishay official parametric table,官方网页抽取,2026-04-19 02:46,Vishay Automotive parametric table,6,,,,,,,Vishay automotive power inductor series,vishay_ihlp_power_inductors_automotive
Vishay(威世),ILHB-1008,ILHB-1008,,,,,,,Automotive power inductor,PageGroup=Automotive,https://www.vishay.com/en/inductors/ihlp-power-inductors-automotive/,Vishay automotive power inductor series,功率电感,SMT,1008,,Irms=4A | Case=1008 | Temp=-55 to +125,Production,,,,-55 to +125,https://www.vishay.com/en/inductors/ihlp-power-inductors-automotive/,Vishay official parametric table,官方网页抽取,2026-04-19 02:46,Vishay Automotive parametric table,4,,,,,,,Vishay automotive power inductor series,vishay_ihlp_power_inductors_automotive
Vishay(威世),ILHB-1206,ILHB-1206,,,,,,,Automotive power inductor,PageGroup=Automotive,https://www.vishay.com/en/inductors/ihlp-power-inductors-automotive/,Vishay automotive power inductor series,功率电感,SMT,1206,,Irms=6A | Case=1206 | Temp=-55 to +125,Production,,,,-55 to +125,https://www.vishay.com/en/inductors/ihlp-power-inductors-automotive/,Vishay official parametric table,官方网页抽取,2026-04-19 02:46,Vishay Automotive parametric table,6,,,,,,,Vishay automotive power inductor series,vishay_ihlp_power_inductors_automotive
